,鄉鎮市區,交易標的,都市土地使用分區,交易年,總樓層數,建物型態,主要建材,有無管理組織,車位總價元,房間數,建物移轉總面積坪,每坪價格,屋齡,車位,樓層比
0,西區,房地(土地+建物),住,7,3,公寓(5樓含以下無電梯),4,0,0.0,6,19.46285,16.698479410774887,45,0,1.0
1,西區,房地(土地+建物),住,7,7,華廈(10層含以下有電梯),4,1,0.0,3,8.9298,16.797688638043404,26,0,0.5714285714285714
3,南區,房地(土地+建物)+車位,住,7,14,住宅大樓(11層含以上有電梯),4,1,0.0,5,31.1333,19.27196924193709,19,1,0.6428571428571429
10,西區,房地(土地+建物)+車位,住,7,5,華廈(10層含以下有電梯),4,1,100.0,6,44.355574999999995,19.5014944570102,27,1,1.0
17,西區,房地(土地+建物),商,7,12,套房(1房1廳1衛),4,1,0.0,2,11.044274999999999,10.41263460027933,25,0,0.6666666666666666
21,南區,房地(土地+建物),住,7,14,住宅大樓(11層含以上有電梯),4,1,0.0,7,32.600425,17.484434635438035,21,0,0.6428571428571429
29,北區,房地(土地+建物),住,7,5,公寓(5樓含以下無電梯),4,0,0.0,6,20.367324999999997,17.920860986899363,36,0,0.4
30,北區,房地(土地+建物),商,7,12,套房(1房1廳1衛),4,1,0.0,2,8.394375,13.104013104013104,37,0,0.5833333333333334
32,北區,房地(土地+建物)+車位,住,7,17,住宅大樓(11層含以上有電梯),4,0,0.0,7,48.257825,17.820944064511817,25,1,0.47058823529411764
35,北區,房地(土地+建物),住,7,2,透天厝,5,0,0.0,9,34.270225,25.38646886619507,31,0,1.0
36,北屯區,房地(土地+建物)+車位,住,7,16,住宅大樓(11層含以上有電梯),4,1,0.0,7,61.870325,12.122128015328835,26,1,0.4375
37,北屯區,房地(土地+建物),住,7,5,公寓(5樓含以下無電梯),4,0,0.0,6,29.3909,12.18064094668758,31,0,0.4
39,北區,房地(土地+建物),住,7,5,套房(1房1廳1衛),4,1,0.0,3,6.210325,18.517549403614144,31,0,0.8
41,北區,房地(土地+建物),商,7,12,住宅大樓(11層含以上有電梯),4,1,0.0,3,21.323224999999997,16.88299964006383,10,0,0.5833333333333334
45,北屯區,房地(土地+建物),住,7,7,套房(1房1廳1衛),4,1,0.0,3,9.398674999999999,13.512542991432305,25,0,1.0
46,北區,房地(土地+建物),住,7,14,住宅大樓(11層含以上有電梯),4,1,0.0,3,21.326249999999998,22.50747318445578,13,0,0.35714285714285715
60,西屯區,房地(土地+建物),住,7,7,套房(1房1廳1衛),4,1,0.0,3,8.551675,13.798466382316915,25,0,0.42857142857142855
61,西屯區,房地(土地+建物)+車位,商,7,26,套房(1房1廳1衛),4,1,0.0,3,29.145874999999997,23.3309173253505,10,1,0.7692307692307693
73,西屯區,房地(土地+建物),商,7,10,套房(1房1廳1衛),4,1,0.0,6,28.692124999999997,16.27624304578347,27,0,0.5
74,南屯區,房地(土地+建物),住,7,17,住宅大樓(11層含以上有電梯),4,1,0.0,7,35.498374999999996,19.719212499163696,25,0,0.47058823529411764
76,西屯區,房地(土地+建物)+車位,住,7,15,住宅大樓(11層含以上有電梯),4,1,0.0,5,41.318475,21.297978688710074,13,1,0.3333333333333333
82,南屯區,房地(土地+建物)+車位,住,7,16,住宅大樓(11層含以上有電梯),4,1,0.0,7,53.07362499999999,17.89966296818806,24,1,0.75
94,南屯區,房地(土地+建物)+車位,住,7,16,套房(1房1廳1衛),4,1,60.0,3,23.374174999999997,17.326814743194145,26,1,0.625
95,西屯區,房地(土地+建物),住,7,15,住宅大樓(11層含以上有電梯),4,1,0.0,4,19.5415,20.46925773354144,24,0,0.2
98,西屯區,房地(土地+建物),住,7,6,華廈(10層含以下有電梯),4,1,0.0,4,14.468575,24.743279832326266,24,0,0.5
106,神岡區,房地(土地+建物),住,7,6,華廈(10層含以下有電梯),4,1,0.0,7,39.68195,12.499385740872109,26,0,0.8333333333333334
176,東勢區,房地(土地+建物),住,7,3,透天厝,4,0,0.0,7,41.46065,12.783205280187358,30,0,1.0
181,大雅區,房地(土地+建物),住,7,5,公寓(5樓含以下無電梯),4,0,0.0,4,16.589100000000002,15.070136414874826,38,0,0.8
182,潭子區,房地(土地+建物)+車位,住,7,6,華廈(10層含以下有電梯),4,1,0.0,7,41.60585,14.132627983805163,25,1,0.5
196,大里區,房地(土地+建物)+車位,住,7,3,透天厝,4,1,0.0,8,60.421350000000004,13.24035295470889,29,1,1.0
269,潭子區,房地(土地+建物)+車位,住,7,13,住宅大樓(11層含以上有電梯),4,1,0.0,9,56.497925,13.628819111498341,24,1,0.5384615384615384
283,清水區,房地(土地+建物),住,7,4,透天厝,4,0,0.0,9,49.976025,16.167752437293682,1,0,1.0
284,梧棲區,房地(土地+建物),住,7,5,華廈(10層含以下有電梯),4,1,0.0,6,25.588475,15.084916158544033,0,0,0.6
286,梧棲區,房地(土地+建物)+車位,住,7,5,華廈(10層含以下有電梯),4,1,90.0,6,31.5447,15.787121132868597,0,1,0.4
316,神岡區,房地(土地+建物),住,7,16,住宅大樓(11層含以上有電梯),4,1,0.0,7,33.426249999999996,10.470812609850045,25,0,0.75
326,豐原區,房地(土地+建物)+車位,住,7,22,住宅大樓(11層含以上有電梯),4,1,0.0,8,68.18955,15.104953764909727,14,1,0.5454545454545454
337,西屯區,房地(土地+建物),住,7,5,公寓(5樓含以下無電梯),4,0,0.0,6,38.251125,13.986516736435856,36,0,0.6
338,南屯區,房地(土地+建物)+車位,商,7,14,住宅大樓(11層含以上有電梯),4,1,0.0,6,36.3121,24.23434612704856,20,1,0.35714285714285715
352,西屯區,房地(土地+建物)+車位,住,7,8,華廈(10層含以下有電梯),4,1,0.0,6,31.363200000000003,18.49301091725334,26,1,0.625
353,西屯區,房地(土地+建物)+車位,商,7,11,住宅大樓(11層含以上有電梯),4,1,70.0,8,54.98845,17.821924422310502,29,1,0.8181818181818182
360,南屯區,房地(土地+建物),住,7,8,華廈(10層含以下有電梯),4,1,0.0,3,13.306975,20.290111013209238,26,0,0.875
404,北區,房地(土地+建物)+車位,商,7,22,住宅大樓(11層含以上有電梯),4,1,0.0,7,53.83895,17.83095695588417,23,2,0.6363636363636364
407,北區,房地(土地+建物)+車位,住,7,7,華廈(10層含以下有電梯),4,1,0.0,6,27.857225,21.71788467803236,7,1,0.5714285714285714
409,北屯區,房地(土地+建物),住,7,13,住宅大樓(11層含以上有電梯),4,1,0.0,4,20.41875,18.12059993878176,25,0,0.3076923076923077
418,北屯區,房地(土地+建物)+車位,住,7,8,華廈(10層含以下有電梯),4,1,0.0,8,40.3898,16.093172038484962,27,1,1.0
474,南區,房地(土地+建物),住,7,7,華廈(10層含以下有電梯),4,1,0.0,7,33.574475,14.296575002289686,26,0,0.5714285714285714
503,中區,房地(土地+建物),商,7,11,套房(1房1廳1衛),4,1,0.0,2,15.714875000000001,10.181436377954007,38,0,0.7272727272727273
514,北屯區,房地(土地+建物),商,7,24,套房(1房1廳1衛),4,1,0.0,3,9.1355,20.36013354496196,23,0,0.625
527,北區,房地(土地+建物),住,7,10,華廈(10層含以下有電梯),4,0,0.0,5,28.64675,13.893373593863178,34,0,0.8
582,北屯區,房地(土地+建物),住,7,10,華廈(10層含以下有電梯),4,1,0.0,6,32.261625,16.428186738888694,8,0,0.2
607,南屯區,房地(土地+建物),商,7,12,住宅大樓(11層含以上有電梯),4,1,0.0,5,23.567774999999997,25.45849152073117,24,0,0.5
612,西屯區,房地(土地+建物)+車位,其他,7,28,住宅大樓(11層含以上有電梯),4,1,0.0,8,61.658575,27.89555224070618,13,1,0.7142857142857143
621,南屯區,房地(土地+建物)+車位,其他,7,14,住宅大樓(11層含以上有電梯),4,1,0.0,7,40.716499999999996,18.125330025910873,24,1,0.7857142857142857
670,大雅區,房地(土地+建物)+車位,住,7,14,住宅大樓(11層含以上有電梯),4,1,0.0,7,37.44345,15.222956217976709,25,1,0.8571428571428571
682,烏日區,房地(土地+建物),住,7,2,透天厝,5,0,0.0,7,26.172299999999996,21.77875081670316,41,0,1.0
710,龍井區,房地(土地+建物),住,7,10,華廈(10層含以下有電梯),4,1,0.0,7,45.64422499999999,13.145145963153062,28,0,0.5
717,西屯區,房地(土地+建物),商,7,12,住宅大樓(11層含以上有電梯),4,1,0.0,7,41.445524999999996,17.589353736018545,25,0,0.75
736,龍井區,房地(土地+建物)+車位,住,7,8,華廈(10層含以下有電梯),4,0,0.0,5,34.2551,10.10068573730627,24,1,0.375
767,潭子區,房地(土地+建物),住,7,7,華廈(10層含以下有電梯),4,1,0.0,7,36.4936,11.782887958436547,28,0,0.5714285714285714
774,潭子區,房地(土地+建物),住,7,17,住宅大樓(11層含以上有電梯),4,1,0.0,8,37.428325,13.358866580323859,25,0,0.47058823529411764
775,大雅區,房地(土地+建物),住,7,14,住宅大樓(11層含以上有電梯),4,1,0.0,5,20.167675,13.387760364047914,26,0,0.7142857142857143
799,豐原區,房地(土地+建物)+車位,住,7,6,華廈(10層含以下有電梯),4,0,0.0,7,34.2551,16.056003339648694,26,1,0.6666666666666666
807,西屯區,房地(土地+建物)+車位,住,7,12,套房(1房1廳1衛),4,1,120.0,3,31.680825,23.673625923567332,12,1,0.9166666666666666
814,南屯區,房地(土地+建物)+車位,商,7,7,華廈(10層含以下有電梯),4,1,0.0,8,63.515924999999996,16.84616889386402,25,1,0.7142857142857143
816,南屯區,房地(土地+建物),住,7,12,套房(1房1廳1衛),4,1,0.0,2,8.702925,16.08654561541091,29,0,0.8333333333333334
824,西屯區,房地(土地+建物),商,7,8,華廈(10層含以下有電梯),4,1,0.0,5,21.994774999999997,20.36847387618196,26,0,0.75
857,北屯區,房地(土地+建物),住,7,2,透天厝,4,0,0.0,7,28.695149999999998,41.12193175501783,49,0,1.0
860,北屯區,房地(土地+建物)+車位,商,7,21,住宅大樓(11層含以上有電梯),4,1,0.0,7,61.4075,23.61275088547816,6,1,0.2857142857142857
891,南區,房地(土地+建物)+車位,住,7,8,華廈(10層含以下有電梯),4,1,0.0,7,62.926050000000004,14.62033609292177,25,1,0.875
893,西區,房地(土地+建物),住,7,13,住宅大樓(11層含以上有電梯),4,1,0.0,7,42.5073,20.349445859887595,20,0,1.0
900,南區,房地(土地+建物),住,7,5,套房(1房1廳1衛),4,0,0.0,3,10.263824999999999,12.665843386846523,34,0,0.6
906,南區,房地(土地+建物),住,7,2,透天厝,5,0,0.0,5,20.96325,42.45524906681932,43,0,1.0
948,南屯區,房地(土地+建物),住,7,2,透天厝,5,0,0.0,7,18.634,45.508210797466994,44,0,1.0
1045,大里區,房地(土地+建物),住,7,6,華廈(10層含以下有電梯),4,0,0.0,5,38.571775,11.666561883657156,29,0,0.3333333333333333
1067,太平區,房地(土地+建物),住,7,1,透天厝,5,0,0.0,5,13.978525,16.811501928851577,43,0,1.0
1083,西屯區,房地(土地+建物),住,7,2,透天厝,5,0,0.0,6,17.030749999999998,35.23039208490525,31,0,1.0
1178,大里區,房地(土地+建物),住,7,5,公寓(5樓含以下無電梯),4,0,0.0,5,25.866775,13.801488589126398,37,0,0.8
1183,大雅區,房地(土地+建物),住,7,2,透天厝,5,0,0.0,8,54.592175,18.097831786332016,38,0,1.0
1205,梧棲區,房地(土地+建物),住,7,12,住宅大樓(11層含以上有電梯),4,1,0.0,7,31.56285,11.247400028831363,21,0,0.4166666666666667
1242,豐原區,房地(土地+建物),住,7,3,透天厝,4,0,0.0,7,37.388999999999996,20.059375752226593,35,0,1.0
1247,豐原區,房地(土地+建物),住,7,7,華廈(10層含以下有電梯),4,0,0.0,7,18.4162,16.561505630911913,25,0,0.5714285714285714
1268,南屯區,房地(土地+建物)+車位,住,7,7,華廈(10層含以下有電梯),4,1,0.0,7,48.874925,14.117668722765304,28,1,0.8571428571428571
1339,西區,房地(土地+建物),住,7,19,套房(1房1廳1衛),4,1,0.0,3,10.33945,12.573202636503877,24,0,0.3684210526315789
1355,東區,房地(土地+建物)+車位,住,7,13,住宅大樓(11層含以上有電梯),4,1,0.0,7,35.80995,14.939981764844687,25,1,1.0
1356,南區,房地(土地+建物),商,7,12,住宅大樓(11層含以上有電梯),4,1,0.0,7,29.1247,13.356360752213757,25,0,0.5833333333333334
1363,西區,房地(土地+建物)+車位,住,7,13,住宅大樓(11層含以上有電梯),4,1,0.0,8,70.05295,19.057013302080783,25,2,0.7692307692307693
1373,南區,房地(土地+建物),住,7,5,公寓(5樓含以下無電梯),4,0,0.0,6,23.277375,13.102852018322514,38,0,1.0
1474,豐原區,房地(土地+建物),商,7,11,套房(1房1廳1衛),4,1,0.0,2,10.542125,17.26407152258202,26,0,0.5454545454545454
1491,梧棲區,房地(土地+建物)+車位,住,7,12,住宅大樓(11層含以上有電梯),4,1,0.0,7,38.347925,10.848044581290905,21,1,0.9166666666666666
1544,龍井區,房地(土地+建物),住,7,13,住宅大樓(11層含以上有電梯),4,1,0.0,7,33.459525,10.63972067744536,24,0,0.23076923076923078
1598,大里區,房地(土地+建物),住,7,2,透天厝,5,0,0.0,7,24.502499999999998,33.547597183960825,38,0,1.0
1614,潭子區,房地(土地+建物),住,7,2,透天厝,5,0,0.0,8,41.382000000000005,28.273162244454106,43,0,1.0
1627,沙鹿區,房地(土地+建物),住,7,5,華廈(10層含以下有電梯),4,0,0.0,6,22.397100000000002,20.98485964700787,5,0,0.6
1646,清水區,房地(土地+建物),商,7,4,公寓(5樓含以下無電梯),4,0,0.0,5,57.299549999999996,10.99485074490114,29,0,0.5
1649,清水區,房地(土地+建物)+車位,住,7,14,住宅大樓(11層含以上有電梯),4,1,0.0,7,54.392525,11.064020285875678,14,0,0.5
1659,豐原區,房地(土地+建物),商,7,5,公寓(5樓含以下無電梯),4,1,0.0,7,31.15145,13.964036987042336,31,0,0.8
1661,神岡區,房地(土地+建物)+車位,住,7,8,華廈(10層含以下有電梯),4,1,0.0,7,46.073775,11.893967880860641,23,1,0.625
1693,西屯區,房地(土地+建物)+車位,其他,7,7,華廈(10層含以下有電梯),4,0,0.0,7,38.841,15.4475940372287,25,1,1.0
1742,東區,房地(土地+建物),商,7,12,套房(1房1廳1衛),4,1,0.0,2,7.6593,14.36162573603332,36,0,0.75
1752,西區,房地(土地+建物)+車位,其他,7,24,住宅大樓(11層含以上有電梯),4,1,0.0,7,69.1757,20.961117849186923,21,1,0.7083333333333334
1801,北屯區,房地(土地+建物)+車位,商,7,17,套房(1房1廳1衛),4,1,80.0,3,23.755325,22.1003080361982,9,1,0.47058823529411764
1821,西屯區,房地(土地+建物)+車位,商,7,10,華廈(10層含以下有電梯),4,1,0.0,5,37.706625,24.664100804566836,10,1,0.6
1853,豐原區,房地(土地+建物)+車位,商,7,12,住宅大樓(11層含以上有電梯),4,1,0.0,8,41.820625,19.846666567034806,9,1,0.8333333333333334
1968,大雅區,房地(土地+建物)+車位,住,7,8,華廈(10層含以下有電梯),4,1,0.0,7,38.7563,14.346054705944582,20,1,0.125
1969,潭子區,房地(土地+建物),住,7,13,公寓(5樓含以下無電梯),4,0,0.0,5,30.855,12.963863231242911,24,0,0.15384615384615385
2044,北區,房地(土地+建物),商,7,5,公寓(5樓含以下無電梯),4,0,0.0,7,25.969624999999997,14.825011912956002,39,0,0.8
2139,南屯區,房地(土地+建物),住,7,5,公寓(5樓含以下無電梯),4,0,0.0,7,27.533549999999998,18.886049928178533,37,0,0.4
2154,西屯區,房地(土地+建物),其他,7,14,住宅大樓(11層含以上有電梯),4,1,0.0,6,28.247449999999997,20.001805472706387,21,0,0.6428571428571429
2183,豐原區,房地(土地+建物),商,7,10,華廈(10層含以下有電梯),4,1,0.0,3,7.892225,18.3725121876277,24,0,0.7
2189,后里區,房地(土地+建物),住,7,2,透天厝,5,0,0.0,7,39.249375,16.560773260720712,43,0,1.0
2195,大甲區,房地(土地+建物),住,7,2,公寓(5樓含以下無電梯),4,0,0.0,4,15.533375,16.094377429245093,39,0,1.0
2205,沙鹿區,房地(土地+建物),住,7,4,透天厝,4,0,0.0,3,67.200375,13.928493702602108,23,0,1.0
2315,沙鹿區,房地(土地+建物)+車位,住,7,9,華廈(10層含以下有電梯),4,1,0.0,7,41.257974999999995,15.269775116204809,7,1,0.8888888888888888
2379,北屯區,房地(土地+建物),商,7,3,透天厝,4,0,0.0,9,36.847525,36.094690213250416,36,0,1.0
2521,西屯區,房地(土地+建物)+車位,住,7,4,公寓(5樓含以下無電梯),4,0,0.0,7,35.734325,19.029322647062735,36,1,1.0
2574,大雅區,房地(土地+建物),住,7,7,華廈(10層含以下有電梯),4,1,0.0,7,36.411925000000004,11.205120300560873,25,0,0.42857142857142855
2576,潭子區,房地(土地+建物)+車位,住,7,5,公寓(5樓含以下無電梯),4,1,0.0,7,35.268475,13.18457914610711,23,1,0.6
2603,太平區,房地(土地+建物),住,7,12,套房(1房1廳1衛),4,1,0.0,3,6.5219,13.49300050598752,25,0,1.0
2638,中區,房地(土地+建物),商,7,11,住宅大樓(11層含以上有電梯),4,1,0.0,3,47.084125,12.743148566528527,38,0,0.36363636363636365
2642,龍井區,房地(土地+建物),住,7,3,透天厝,5,0,0.0,9,45.64725,28.041119673145698,39,0,1.0
2655,太平區,房地(土地+建物),住,7,12,住宅大樓(11層含以上有電梯),4,1,0.0,5,23.0505,14.880371358538861,25,0,0.9166666666666666
2691,梧棲區,房地(土地+建物),住,7,4,透天厝,4,1,0.0,3,81.69315,15.545979069236527,4,0,1.0
2702,大甲區,房地(土地+建物),住,7,2,透天厝,4,0,0.0,7,18.4646,14.442045860728097,42,0,1.0
2758,北區,房地(土地+建物)+車位,其他,7,13,住宅大樓(11層含以上有電梯),4,1,70.0,6,33.3234,18.605544452246768,20,1,0.38461538461538464
2774,北屯區,房地(土地+建物)+車位,商,7,7,華廈(10層含以下有電梯),4,1,0.0,8,47.580225,15.342508363506058,30,1,0.5714285714285714
2797,南區,房地(土地+建物)+車位,商,7,14,住宅大樓(11層含以上有電梯),4,1,0.0,7,46.013275,18.798922702198443,20,1,0.7142857142857143
2820,東區,房地(土地+建物),住,7,5,公寓(5樓含以下無電梯),4,1,0.0,4,25.107499999999998,18.520362441501543,32,0,1.0
2827,西區,房地(土地+建物)+車位,住,7,8,套房(1房1廳1衛),4,1,0.0,3,15.539425,15.122824686241609,25,1,0.75
2832,中區,房地(土地+建物),住,7,8,華廈(10層含以下有電梯),4,1,0.0,3,6.343425,12.61148354398452,37,0,0.75
2857,北屯區,房地(土地+建物),商,7,7,華廈(10層含以下有電梯),4,1,0.0,7,40.81935,15.923820443000684,32,0,0.8571428571428571
2864,北屯區,房地(土地+建物),商,7,5,公寓(5樓含以下無電梯),4,0,0.0,6,26.108775,13.979974165773767,31,0,0.8
2866,北屯區,房地(土地+建物),商,7,24,住宅大樓(11層含以上有電梯),4,1,0.0,7,43.46017499999999,14.588068271699322,23,0,0.6666666666666666
2910,神岡區,房地(土地+建物),住,7,2,透天厝,5,0,0.0,9,17.15175,33.232760505487775,43,0,1.0
3279,豐原區,房地(土地+建物),商,7,14,住宅大樓(11層含以上有電梯),4,1,0.0,2,12.925824999999998,12.765142650469121,15,0,0.9285714285714286
3313,西區,房地(土地+建物),商,7,14,住宅大樓(11層含以上有電梯),4,1,0.0,5,24.6719,17.671926361569234,21,0,0.14285714285714285
3390,北區,房地(土地+建物)+車位,商,7,18,套房(1房1廳1衛),4,1,0.0,3,25.213375,20.22735948678033,14,1,1.0
3765,北區,房地(土地+建物),其他,7,18,住宅大樓(11層含以上有電梯),4,1,0.0,8,46.303675,18.357074249506116,23,0,0.6111111111111112
3806,西區,房地(土地+建物)+車位,住,7,5,公寓(5樓含以下無電梯),4,1,0.0,8,45.62305,17.929533426634126,31,1,0.8
3859,豐原區,房地(土地+建物),住,7,5,公寓(5樓含以下無電梯),4,0,0.0,6,19.64435,19.343984402639947,36,0,0.6
3950,太平區,房地(土地+建物),住,7,5,公寓(5樓含以下無電梯),4,0,0.0,7,22.146024999999998,14.449545685963962,36,0,0.6
4044,大甲區,房地(土地+建物)+車位,住,7,10,華廈(10層含以下有電梯),4,0,0.0,7,37.682424999999995,11.9419066050022,25,1,0.9
4131,西區,房地(土地+建物),商,7,5,公寓(5樓含以下無電梯),4,0,0.0,7,24.919949999999996,13.242402171753959,37,0,0.4
4210,中區,房地(土地+建物),住,7,12,套房(1房1廳1衛),4,1,0.0,3,10.151900000000001,15.563589081846747,41,0,0.9166666666666666
4217,西區,房地(土地+建物)+車位,商,7,12,住宅大樓(11層含以上有電梯),4,1,160.0,8,70.3978,15.057288722090746,20,2,0.4166666666666667
4269,豐原區,房地(土地+建物)+車位,住,7,4,公寓(5樓含以下無電梯),4,0,0.0,5,31.036499999999997,10.79374285115912,39,1,1.0
4420,潭子區,房地(土地+建物),商,7,12,住宅大樓(11層含以上有電梯),4,1,0.0,7,29.460475,16.293016321019945,24,0,0.16666666666666666
4506,南屯區,房地(土地+建物),商,7,7,華廈(10層含以下有電梯),4,1,0.0,3,11.764225,21.250868629255223,28,0,0.8571428571428571
4516,中區,房地(土地+建物),商,7,5,公寓(5樓含以下無電梯),4,0,0.0,5,19.239,12.9944383803732,36,0,1.0
4561,北屯區,房地(土地+建物)+車位,其他,7,26,住宅大樓(11層含以上有電梯),4,1,80.0,7,43.1244,21.101742864828264,24,1,0.7692307692307693
4771,沙鹿區,房地(土地+建物)+車位,商,7,14,住宅大樓(11層含以上有電梯),4,1,0.0,7,40.828424999999996,12.736224823759429,20,1,0.42857142857142855
4976,西區,房地(土地+建物),住,7,1,透天厝,5,0,0.0,3,16.98235,28.853486119412214,29,0,1.0
5021,北區,房地(土地+建物)+車位,住,7,5,公寓(5樓含以下無電梯),4,1,0.0,7,47.317049999999995,12.373975131585762,31,1,0.6
5259,沙鹿區,房地(土地+建物),商,7,7,華廈(10層含以下有電梯),4,1,0.0,5,26.31145,15.202506893386719,14,0,0.2857142857142857
5270,豐原區,房地(土地+建物),住,7,22,住宅大樓(11層含以上有電梯),4,1,0.0,5,31.033475,18.528379435432225,14,0,0.5454545454545454
5317,北區,房地(土地+建物)+車位,商,7,6,華廈(10層含以下有電梯),4,1,0.0,4,28.6044,14.683055753660277,14,1,0.5
5337,東區,房地(土地+建物),住,7,7,華廈(10層含以下有電梯),4,1,0.0,6,22.073425,11.778869840090517,38,0,1.0
5338,南區,房地(土地+建物)+車位,住,7,15,套房(1房1廳1衛),4,1,0.0,3,14.268925,14.436967045520248,25,1,0.3333333333333333
5514,東區,房地(土地+建物)+車位,住,7,7,華廈(10層含以下有電梯),4,1,0.0,7,60.65125,14.17942746439686,28,1,0.5714285714285714
5598,梧棲區,房地(土地+建物),住,7,5,公寓(5樓含以下無電梯),4,0,0.0,7,25.921225,11.187742863232737,27,0,0.4
5684,北區,房地(土地+建物),其他,7,8,華廈(10層含以下有電梯),4,1,0.0,7,36.245549999999994,16.829652191786305,38,0,0.25
5943,北屯區,房地(土地+建物)+車位,住,7,5,公寓(5樓含以下無電梯),4,1,0.0,8,61.29859999999999,13.050869024741186,29,1,0.4
5967,北區,房地(土地+建物),其他,7,5,公寓(5樓含以下無電梯),4,0,0.0,7,29.5845,14.298027683415302,40,0,0.4
6015,龍井區,房地(土地+建物)+車位,住,7,10,公寓(5樓含以下無電梯),4,1,0.0,7,35.453,11.423574873776548,24,1,1.0
6104,東區,房地(土地+建物)+車位,商,7,13,住宅大樓(11層含以上有電梯),4,1,0.0,7,39.134425,15.07624042003939,25,1,0.6153846153846154
6127,西屯區,房地(土地+建物),其他,7,6,套房(1房1廳1衛),4,1,0.0,3,8.902574999999999,17.410692973662115,24,0,0.8333333333333334
6388,龍井區,房地(土地+建物),住,7,4,公寓(5樓含以下無電梯),4,0,0.0,7,23.712975,18.133532380479462,39,0,0.25
6581,大甲區,房地(土地+建物),住,7,8,華廈(10層含以下有電梯),4,1,0.0,7,30.936674999999997,14.157953302997171,26,0,1.0
6665,北區,房地(土地+建物)+車位,其他,7,7,華廈(10層含以下有電梯),4,0,70.0,7,44.549175000000005,14.702853644315521,24,1,1.0
6727,龍井區,房地(土地+建物),住,7,5,套房(1房1廳1衛),4,0,0.0,3,9.0629,12.137395314965408,30,0,1.0
6874,外埔區,房地(土地+建物),住,7,3,透天厝,4,0,0.0,7,42.96105,14.66444605055044,31,0,1.0
7008,南區,房地(土地+建物)+車位,其他,7,14,住宅大樓(11層含以上有電梯),4,1,80.0,7,37.440425,16.025459112710394,27,1,0.6428571428571429
7458,東勢區,房地(土地+建物),住,7,6,華廈(10層含以下有電梯),4,0,0.0,7,28.425925,10.553746272108999,26,0,0.5
7468,沙鹿區,房地(土地+建物),住,7,5,套房(1房1廳1衛),4,1,0.0,3,6.3525,15.741833923652106,12,0,0.6
7474,潭子區,房地(土地+建物),商,7,2,透天厝,5,0,0.0,7,57.8985,28.498147620404673,46,0,1.0
7475,大雅區,房地(土地+建物),商,7,14,住宅大樓(11層含以上有電梯),4,1,0.0,7,34.893375,13.469605619978005,25,0,0.5
7575,南區,房地(土地+建物),商,7,15,套房(1房1廳1衛),4,0,0.0,3,8.630325000000001,10.42834423964335,25,0,0.4
7648,霧峰區,房地(土地+建物),住,7,1,透天厝,5,0,0.0,8,18.271,46.52181051940233,55,0,1.0
7654,大肚區,房地(土地+建物),住,7,4,公寓(5樓含以下無電梯),4,1,0.0,8,30.685599999999997,11.406001512109915,24,0,0.25
8143,潭子區,房地(土地+建物),住,7,17,套房(1房1廳1衛),4,1,0.0,3,14.214475,15.125426721704459,25,0,0.47058823529411764
8261,西區,房地(土地+建物)+車位,其他,7,7,華廈(10層含以下有電梯),4,1,80.0,6,29.693399999999997,18.05114941367442,29,1,0.7142857142857143
8429,東區,房地(土地+建物),住,7,3,透天厝,4,0,0.0,9,31.581,12.982489471517685,39,0,1.0
8464,潭子區,房地(土地+建物),其他,7,1,透天厝,5,0,0.0,6,17.9201,29.575727814018894,48,0,1.0
8932,神岡區,房地(土地+建物)+車位,住,7,16,住宅大樓(11層含以上有電梯),4,1,0.0,8,54.513525,12.565688973516204,25,1,0.625
8976,神岡區,房地(土地+建物),住,7,4,公寓(5樓含以下無電梯),4,0,0.0,5,27.742274999999996,13.697506783419891,39,0,0.25
9001,東區,房地(土地+建物),商,7,7,華廈(10層含以下有電梯),4,1,0.0,8,37.004825,18.916452111312513,35,0,0.8571428571428571
9157,太平區,房地(土地+建物),商,7,2,透天厝,4,0,0.0,8,27.46095,31.317197693451973,35,0,1.0
9293,南區,房地(土地+建物)+車位,住,7,5,公寓(5樓含以下無電梯),4,1,0.0,6,37.513025,10.263101949256292,31,1,1.0
9523,北屯區,房地(土地+建物),其他,7,12,住宅大樓(11層含以上有電梯),4,1,0.0,7,34.9206,15.75001575001575,25,0,0.9166666666666666
10166,北屯區,房地(土地+建物)+車位,住,7,14,套房(1房1廳1衛),4,1,150.0,3,28.099225,21.708783783182632,12,1,0.5714285714285714
10603,北區,房地(土地+建物),商,7,7,華廈(10層含以下有電梯),4,1,0.0,2,9.6679,17.894268662274126,27,0,1.0
10628,北區,房地(土地+建物)+車位,住,7,14,套房(1房1廳1衛),4,1,0.0,2,19.311600000000002,16.57035149858116,23,1,0.5
10704,南區,房地(土地+建物),其他,7,14,住宅大樓(11層含以上有電梯),4,1,0.0,7,30.733999999999998,16.91937268172057,27,0,0.7857142857142857
10707,東區,房地(土地+建物),住,7,12,套房(1房1廳1衛),4,1,0.0,2,10.530025,11.395984340018186,25,0,0.6666666666666666
10865,大里區,房地(土地+建物)+車位,住,7,6,華廈(10層含以下有電梯),4,1,60.0,8,36.411925000000004,16.642899269950707,25,1,0.6666666666666666
11219,太平區,房地(土地+建物),其他,7,2,透天厝,5,0,0.0,9,22.614900000000002,26.531180770200177,42,0,1.0
11617,南區,房地(土地+建物),商,7,5,公寓(5樓含以下無電梯),4,0,0.0,7,28.035700000000002,14.98089935332451,34,0,0.4
11796,東區,房地(土地+建物),住,7,12,住宅大樓(11層含以上有電梯),4,1,0.0,3,9.250449999999999,14.59388462182921,25,0,0.5
12495,豐原區,房地(土地+建物)+車位,其他,7,11,住宅大樓(11層含以上有電梯),4,1,0.0,7,51.8122,16.019393115907064,12,1,0.9090909090909091
12496,豐原區,房地(土地+建物),商,7,2,透天厝,4,0,0.0,8,38.296499999999995,31.595576619273306,29,0,1.0
12576,西區,房地(土地+建物),其他,7,12,套房(1房1廳1衛),4,1,0.0,2,11.340725,15.872001128675635,30,0,0.3333333333333333
12639,大肚區,房地(土地+建物),住,7,3,透天厝,4,0,0.0,9,60.333625,11.071769680671434,20,0,1.0
12986,西區,房地(土地+建物),商,6,7,華廈(10層含以下有電梯),4,1,0.0,2,7.517125,32.59224770108253,38,0,0.7142857142857143
13017,西屯區,房地(土地+建物),其他,7,6,華廈(10層含以下有電梯),4,1,0.0,2,9.7768,18.820063824564276,24,0,0.8333333333333334
13199,北區,房地(土地+建物)+車位,商,6,5,公寓(5樓含以下無電梯),4,0,0.0,6,36.64485,16.50982334489021,29,1,0.2
13223,東區,房地(土地+建物)+車位,商,7,8,華廈(10層含以下有電梯),4,1,0.0,7,35.30175,16.996324544817185,26,1,1.0
13236,中區,房地(土地+建物),商,7,10,華廈(10層含以下有電梯),4,0,0.0,4,22.143,11.290249740324256,39,0,0.6
13654,烏日區,房地(土地+建物),住,7,4,公寓(5樓含以下無電梯),4,0,0.0,4,26.907375000000002,12.264295569523224,40,0,0.5
14647,龍井區,房地(土地+建物),商,7,9,華廈(10層含以下有電梯),4,0,0.0,7,47.020599999999995,12.568959137059078,7,0,0.3333333333333333
14670,太平區,房地(土地+建物)+車位,住,6,10,華廈(10層含以下有電梯),4,1,0.0,8,53.049425,13.195241984243939,27,1,0.6
14695,清水區,房地(土地+建物),住,7,14,住宅大樓(11層含以上有電梯),4,1,0.0,7,53.96297499999999,10.192173430023086,14,0,0.7142857142857143
14746,北屯區,房地(土地+建物)+車位,住,7,3,透天厝,4,0,0.0,8,46.022349999999996,25.096502025646238,32,1,1.0
14776,東區,房地(土地+建物)+車位,住,7,8,套房(1房1廳1衛),4,1,0.0,3,15.708825,10.185357593581951,25,1,0.75
14903,龍井區,房地(土地+建物)+車位,住,7,7,套房(1房1廳1衛),4,1,0.0,3,31.429750000000002,16.2266642273642,10,1,1.0
15295,東區,房地(土地+建物)+車位,商,7,8,套房(1房1廳1衛),4,1,0.0,3,15.503124999999999,18.705906067325138,25,1,1.0
15338,東區,房地(土地+建物),商,7,5,公寓(5樓含以下無電梯),4,0,0.0,7,30.501075,13.11429187331922,36,0,0.6
15399,梧棲區,房地(土地+建物),商,7,12,住宅大樓(11層含以上有電梯),4,1,0.0,8,30.0322,12.153621779290228,21,0,0.8333333333333334
15505,沙鹿區,房地(土地+建物),住,7,3,公寓(5樓含以下無電梯),4,0,0.0,6,18.044124999999998,13.854925079492634,42,0,0.6666666666666666
15607,南區,房地(土地+建物),其他,7,13,套房(1房1廳1衛),4,1,0.0,2,9.1355,16.200536369109518,24,0,0.9230769230769231
15621,南區,房地(土地+建物)+車位,其他,7,5,公寓(5樓含以下無電梯),4,1,0.0,7,37.513025,13.595277906807036,31,1,0.2
15716,沙鹿區,房地(土地+建物)+車位,住,7,14,住宅大樓(11層含以上有電梯),4,1,0.0,8,42.88845,12.124476403320708,20,2,0.7857142857142857
16278,北屯區,房地(土地+建物),其他,7,7,華廈(10層含以下有電梯),4,1,0.0,6,29.136799999999997,16.474012245682438,27,0,0.7142857142857143
17380,西區,房地(土地+建物),其他,7,4,公寓(5樓含以下無電梯),4,0,0.0,4,16.589100000000002,22.002399165717247,39,0,0.5
17505,大里區,房地(土地+建物),商,7,4,公寓(5樓含以下無電梯),4,0,0.0,4,21.5138,11.62044827041248,38,0,1.0
18666,龍井區,房地(土地+建物)+車位,住,7,13,住宅大樓(11層含以上有電梯),4,1,0.0,8,64.96792500000001,12.775535004388702,27,0,0.8461538461538461
19474,沙鹿區,房地(土地+建物)+車位,商,6,9,華廈(10層含以下有電梯),4,1,0.0,5,38.650425,14.023131699069287,10,1,0.6666666666666666
19485,豐原區,房地(土地+建物)+車位,商,7,13,套房(1房1廳1衛),4,1,0.0,3,17.209225,12.667624486285698,22,1,0.46153846153846156
19547,西區,房地(土地+建物),其他,7,24,住宅大樓(11層含以上有電梯),4,1,0.0,6,42.108,19.7112187707799,21,0,0.8333333333333334
19742,太平區,房地(土地+建物)+車位,住,7,12,住宅大樓(11層含以上有電梯),4,1,0.0,8,56.473724999999995,11.50977733450379,28,1,0.5
20068,太平區,房地(土地+建物),住,7,7,華廈(10層含以下有電梯),4,0,0.0,6,38.363049999999994,10.166032158548397,24,0,0.7142857142857143
20799,西屯區,房地(土地+建物),商,7,5,公寓(5樓含以下無電梯),4,0,0.0,9,43.296825,15.243611973857206,34,0,0.6
20922,大里區,房地(土地+建物)+車位,住,6,15,住宅大樓(11層含以上有電梯),4,1,0.0,7,30.053375,15.805213224804204,26,1,0.06666666666666667
20958,神岡區,房地(土地+建物),商,7,6,華廈(10層含以下有電梯),4,1,0.0,6,26.175325,13.371371702166066,26,0,0.8333333333333334
20986,南屯區,房地(土地+建物)+車位,住,7,4,透天厝,4,1,0.0,9,69.862375,14.313856349716138,26,1,1.0
21178,神岡區,房地(土地+建物),住,7,7,套房(1房1廳1衛),4,1,0.0,3,8.3611,16.505005322266207,27,0,0.42857142857142855
22145,潭子區,房地(土地+建物)+車位,商,7,14,住宅大樓(11層含以上有電梯),4,1,0.0,6,44.05005,15.323478633962958,18,1,0.35714285714285715
22738,西屯區,房地(土地+建物)+車位,其他,7,15,套房(1房1廳1衛),4,1,0.0,3,27.448849999999997,29.14511901227192,12,1,0.26666666666666666
23457,豐原區,房地(土地+建物)+車位,商,7,7,華廈(10層含以下有電梯),4,1,0.0,7,45.405249999999995,15.747077705771911,20,1,1.0
23805,大肚區,房地(土地+建物)+車位,住,6,14,住宅大樓(11層含以上有電梯),4,1,0.0,8,36.514775,11.036628323740185,19,1,0.21428571428571427
23829,太平區,房地(土地+建物)+車位,商,6,9,華廈(10層含以下有電梯),4,1,0.0,7,40.761874999999996,12.757018660206382,23,1,0.5555555555555556
24194,南屯區,房地(土地+建物),其他,6,14,套房(1房1廳1衛),4,1,0.0,3,9.22625,17.12505080612383,23,0,0.9285714285714286
24724,北屯區,房地(土地+建物)+車位,商,6,4,透天厝,4,1,0.0,9,77.12237499999999,21.34270372249299,8,1,1.0
24955,霧峰區,房地(土地+建物)+車位,住,6,9,華廈(10層含以下有電梯),4,1,0.0,8,48.463525000000004,13.53595306986027,19,1,1.0
25019,北區,房地(土地+建物)+車位,住,6,2,透天厝,4,0,0.0,4,30.198574999999998,43.04838887265376,52,1,1.0
25195,豐原區,房地(土地+建物),住,6,5,套房(1房1廳1衛),4,1,0.0,2,15.4033,12.010413352982802,26,0,1.0
25201,后里區,房地(土地+建物)+車位,商,6,7,華廈(10層含以下有電梯),4,1,0.0,7,39.076950000000004,11.771645432921453,20,1,1.0
26318,東區,房地(土地+建物),商,6,11,住宅大樓(11層含以上有電梯),4,1,0.0,7,34.122,13.07074614618135,27,0,0.36363636363636365
26404,豐原區,房地(土地+建物)+車位,住,6,20,套房(1房1廳1衛),4,1,0.0,3,12.825999999999999,14.033993450803058,22,1,0.4
26765,清水區,房地(土地+建物),其他,6,11,住宅大樓(11層含以上有電梯),4,1,0.0,8,63.3919,10.253675942825502,13,0,0.6363636363636364
26976,沙鹿區,房地(土地+建物),商,6,2,透天厝,5,0,0.0,7,34.9569,16.591860262208606,33,0,1.0
26997,烏日區,房地(土地+建物),住,6,7,套房(1房1廳1衛),4,1,0.0,2,9.31095,15.036059693156982,29,0,0.7142857142857143
27191,東區,房地(土地+建物)+車位,住,6,5,公寓(5樓含以下無電梯),4,1,0.0,7,34.0131,12.789190047364103,26,1,0.4
28121,中區,房地(土地+建物),商,6,2,透天厝,5,0,0.0,7,29.291075,25.605069120884092,51,0,1.0
28192,神岡區,房地(土地+建物),其他,6,3,透天厝,4,0,0.0,9,50.03954999999999,12.390199352312322,23,0,1.0
29705,西區,房地(土地+建物)+車位,住,6,3,透天厝,4,1,0.0,9,50.829074999999996,27.149815336989708,29,1,1.0
30253,大肚區,房地(土地+建物),住,6,12,住宅大樓(11層含以上有電梯),4,1,0.0,7,31.535625,10.369225280932278,23,0,0.9166666666666666
30343,清水區,房地(土地+建物)+車位,住,6,7,華廈(10層含以下有電梯),4,1,0.0,7,35.492325,11.270042185176655,25,1,0.7142857142857143
31014,西區,房地(土地+建物)+車位,商,6,8,華廈(10層含以下有電梯),4,1,0.0,8,51.83035,21.801897922742175,20,1,0.5
31033,豐原區,房地(土地+建物),其他,6,2,透天厝,5,0,0.0,6,29.2699,16.399099416123732,44,0,1.0
31077,霧峰區,房地(土地+建物),住,6,5,華廈(10層含以下有電梯),4,0,0.0,7,32.818225,10.66480591195898,25,0,0.6
31422,梧棲區,房地(土地+建物)+車位,商,6,9,華廈(10層含以下有電梯),4,1,0.0,7,39.4702,10.134227847844704,22,1,0.6666666666666666
32627,南屯區,房地(土地+建物),商,6,16,套房(1房1廳1衛),4,1,0.0,3,20.06785,23.32088390136462,23,0,0.375
33459,東勢區,房地(土地+建物),其他,7,3,透天厝,5,0,0.0,8,49.15625,32.040686586141135,46,0,1.0
36235,龍井區,房地(土地+建物)+車位,住,6,5,透天厝,4,1,0.0,9,62.953275000000005,13.978621445826288,26,1,1.0
36885,大甲區,房地(土地+建物),住,6,12,住宅大樓(11層含以上有電梯),4,0,0.0,3,9.48035,11.075540460004115,23,0,0.9166666666666666
37109,中區,房地(土地+建物),住,6,4,公寓(5樓含以下無電梯),4,0,0.0,5,10.221475,12.229154794195555,41,0,1.0
37780,南屯區,房地(土地+建物)+車位,住,6,5,公寓(5樓含以下無電梯),4,1,0.0,6,32.11945,15.25555387779056,23,1,0.4
37813,神岡區,房地(土地+建物)+車位,商,6,6,華廈(10層含以下有電梯),4,1,0.0,7,35.1505,13.655566777143994,25,1,0.8333333333333334
38537,中區,房地(土地+建物),住,6,12,住宅大樓(11層含以上有電梯),4,1,0.0,3,10.89605,14.684220428503906,34,0,0.5833333333333334
38914,潭子區,房地(土地+建物)+車位,住,6,17,套房(1房1廳1衛),4,1,0.0,3,20.1949,13.369712155049047,24,1,0.35294117647058826
43781,大里區,房地(土地+建物),其他,6,1,透天厝,5,0,0.0,4,18.83365,19.0759624395696,44,0,1.0
44166,后里區,房地(土地+建物),住,6,5,華廈(10層含以下有電梯),4,0,0.0,6,26.196499999999997,18.32305842383525,5,0,0.2
44277,大雅區,房地(土地+建物)+車位,其他,6,10,華廈(10層含以下有電梯),4,1,0.0,8,61.440775,13.83446090971346,22,1,1.0
45936,南區,房地(土地+建物),其他,6,7,華廈(10層含以下有電梯),4,0,0.0,6,32.2707,12.705023442317644,26,0,1.0
46328,北區,房地(土地+建物),商,6,3,透天厝,5,0,0.0,8,46.527525,30.08971571129133,44,0,1.0
46335,北屯區,房地(土地+建物),其他,6,3,透天厝,4,0,0.0,8,97.33239999999999,40.890803062495124,28,0,1.0
48554,后里區,房地(土地+建物),其他,6,2,透天厝,5,0,0.0,7,34.485,10.3813252138611,42,0,1.0
48646,龍井區,房地(土地+建物),其他,6,7,華廈(10層含以下有電梯),4,1,0.0,7,30.35285,10.213208973786646,21,0,0.42857142857142855
48899,南屯區,房地(土地+建物),其他,6,14,住宅大樓(11層含以上有電梯),4,1,0.0,2,7.671399999999999,17.98889381338478,23,0,0.21428571428571427
48952,大甲區,房地(土地+建物)+車位,商,6,10,華廈(10層含以下有電梯),4,0,0.0,7,37.712675,11.932327791650952,24,1,0.4
50790,梧棲區,房地(土地+建物)+車位,商,6,12,住宅大樓(11層含以上有電梯),4,1,0.0,6,32.158775,10.821307714612885,20,1,0.5833333333333334
50997,南區,房地(土地+建物),其他,6,5,公寓(5樓含以下無電梯),4,0,0.0,6,28.909924999999998,11.068863028873302,32,0,0.8
51543,南屯區,房地(土地+建物),商,6,5,公寓(5樓含以下無電梯),4,0,0.0,5,19.6383,13.23943518532663,37,0,0.4
52574,西區,房地(土地+建物),其他,6,10,華廈(10層含以下有電梯),4,1,0.0,6,31.82905,15.708919996041352,37,0,0.7
53022,清水區,房地(土地+建物)+車位,住,6,5,透天厝,4,0,0.0,9,76.105975,10.248866793967228,20,1,1.0
54362,南屯區,房地(土地+建物),其他,6,7,華廈(10層含以下有電梯),4,1,0.0,7,33.3718,16.33115384845888,24,0,0.42857142857142855
54500,西區,房地(土地+建物)+車位,其他,6,12,套房(1房1廳1衛),4,1,60.0,2,10.923275,18.767265311914237,21,1,0.3333333333333333
57002,南區,房地(土地+建物)+車位,住,6,4,透天厝,4,0,100.0,9,69.735325,19.50231105971041,24,1,1.0
57603,南屯區,房地(土地+建物),商,5,2,透天厝,5,0,0.0,7,40.8133,36.26268887838033,31,0,1.0
57767,北屯區,房地(土地+建物)+車位,其他,6,10,華廈(10層含以下有電梯),4,1,60.0,7,40.4382,16.02445212694927,25,1,0.4
58971,霧峰區,房地(土地+建物),商,6,2,透天厝,5,0,0.0,7,29.811374999999998,15.094909241858185,44,0,1.0
59201,太平區,房地(土地+建物)+車位,住,6,4,透天厝,4,0,0.0,7,69.62945,11.518114820668552,23,1,1.0
59847,大甲區,房地(土地+建物),商,6,4,公寓(5樓含以下無電梯),4,0,0.0,8,28.922024999999998,13.415381530166025,39,0,0.5
62328,清水區,房地(土地+建物),住,6,8,華廈(10層含以下有電梯),4,0,0.0,7,46.433749999999996,11.543327859584894,18,0,0.375
63208,潭子區,房地(土地+建物),其他,6,6,華廈(10層含以下有電梯),4,1,0.0,5,18.800375,14.893319947075524,39,0,0.8333333333333334
63564,烏日區,房地(土地+建物),住,6,7,華廈(10層含以下有電梯),4,1,0.0,6,14.873925,10.084762428209098,26,0,0.2857142857142857
64002,南區,房地(土地+建物),商,6,5,華廈(10層含以下有電梯),4,0,0.0,7,34.367025,14.403341575245458,29,0,1.0
70650,龍井區,房地(土地+建物),商,5,13,住宅大樓(11層含以上有電梯),4,1,0.0,7,34.760275,10.068965219636496,22,0,0.6923076923076923
71922,清水區,房地(土地+建物),住,5,4,公寓(5樓含以下無電梯),4,0,0.0,5,29.599624999999996,12.162316245560545,22,0,0.5
71984,沙鹿區,房地(土地+建物),商,5,11,住宅大樓(11層含以上有電梯),4,1,0.0,5,18.42225,18.455943220833504,19,0,0.09090909090909091
72500,梧棲區,房地(土地+建物),商,5,7,華廈(10層含以下有電梯),4,1,0.0,6,33.120725,10.114512891852458,25,0,0.7142857142857143
72531,大安區,房地(土地+建物),商,5,2,透天厝,5,0,0.0,8,18.99095,11.55256056174125,44,0,1.0
73965,東勢區,房地(土地+建物),商,5,3,透天厝,4,0,0.0,8,70.44015,15.61609394642118,39,0,1.0
75015,沙鹿區,房地(土地+建物),住,6,11,住宅大樓(11層含以上有電梯),4,0,0.0,7,21.032825,15.594671662033036,20,0,0.5454545454545454
76684,石岡區,房地(土地+建物),住,6,2,透天厝,5,0,0.0,8,28.8222,12.49037200491288,40,0,1.0
76813,新社區,房地(土地+建物),住,5,2,透天厝,5,0,0.0,8,24.9986,10.000560031361756,38,0,1.0
82169,大甲區,房地(土地+建物)+車位,住,5,8,套房(1房1廳1衛),4,1,0.0,2,10.9626,13.682885446883038,24,1,0.75
82799,清水區,房地(土地+建物)+車位,住,5,5,公寓(5樓含以下無電梯),4,1,0.0,7,37.137924999999996,11.901580392550205,20,1,0.2
84475,東勢區,房地(土地+建物),住,5,4,公寓(5樓含以下無電梯),4,0,0.0,6,21.855625,10.066058508965083,35,0,1.0
84853,大雅區,房地(土地+建物),住,5,5,套房(1房1廳1衛),4,0,0.0,3,9.3049,12.896430912744897,37,0,1.0
84888,神岡區,房地(土地+建物)+車位,住,5,5,公寓(5樓含以下無電梯),4,0,0.0,7,44.700425,10.64866832921611,21,1,0.4
85849,大雅區,房地(土地+建物)+車位,商,5,14,住宅大樓(11層含以上有電梯),4,1,0.0,5,37.373875,13.645895695857067,23,1,0.42857142857142855
87004,清水區,房地(土地+建物),住,5,12,套房(1房1廳1衛),4,1,0.0,2,14.462525,12.999113225387683,34,0,0.75
87618,西區,房地(土地+建物),商,5,1,透天厝,5,0,0.0,6,19.284375,23.33495381623724,53,0,1.0
88874,大里區,房地(土地+建物),商,5,1,透天厝,5,0,0.0,5,18.782225,31.94509702657699,45,0,1.0
92871,北區,房地(土地+建物),其他,5,14,套房(1房1廳1衛),4,0,0.0,3,19.843999999999998,21.669018343075994,11,0,0.7142857142857143
93347,龍井區,房地(土地+建物)+車位,商,5,13,住宅大樓(11層含以上有電梯),4,1,0.0,7,41.602824999999996,10.816573153385619,22,1,0.9230769230769231
93823,潭子區,房地(土地+建物),商,5,7,華廈(10層含以下有電梯),4,1,0.0,6,30.927599999999998,14.550110580840416,25,0,0.7142857142857143
94189,大雅區,房地(土地+建物),商,5,2,透天厝,5,0,0.0,5,34.7875,30.183255479698165,47,0,1.0
94906,后里區,房地(土地+建物),住,4,3,公寓(5樓含以下無電梯),4,0,0.0,6,7.4052,42.5376762275158,22,0,1.0
96743,大雅區,房地(土地+建物),商,5,10,華廈(10層含以下有電梯),4,1,0.0,7,46.3672,11.538328818647665,21,0,0.4
99295,太平區,房地(土地+建物),商,5,7,華廈(10層含以下有電梯),4,1,0.0,7,32.2828,13.474667624865253,26,0,0.14285714285714285
100509,潭子區,房地(土地+建物),商,5,13,套房(1房1廳1衛),4,1,0.0,2,6.591475,11.378333377582408,24,0,0.7692307692307693
102665,太平區,房地(土地+建物)+車位,住,4,5,公寓(5樓含以下無電梯),4,0,0.0,7,38.886375,10.029219745990723,25,1,0.2
102760,東勢區,房地(土地+建物),商,5,7,華廈(10層含以下有電梯),4,1,0.0,6,26.88015,11.16065200529015,20,0,0.2857142857142857
112517,龍井區,房地(土地+建物),商,9,4,透天厝,4,0,0.0,8,65.79375,18.23881447705899,6,0,1.0
113114,太平區,房地(土地+建物),商,9,5,公寓(5樓含以下無電梯),4,0,0.0,5,34.911525,11.027876897385607,36,0,1.0
117956,烏日區,房地(土地+建物),商,9,2,透天厝,5,0,0.0,8,29.753899999999998,24.198508430827555,46,0,1.0
118884,大甲區,房地(土地+建物),商,9,10,華廈(10層含以下有電梯),4,1,0.0,7,45.680524999999996,12.915788511625031,27,0,0.7
118998,龍井區,房地(土地+建物)+車位,商,9,9,華廈(10層含以下有電梯),4,1,0.0,5,29.632899999999996,15.860749369788312,9,1,1.0
123138,南區,房地(土地+建物),其他,4,2,透天厝,4,0,0.0,9,27.769499999999997,33.670033670033675,41,0,1.0
127127,大肚區,房地(土地+建物),住,4,7,華廈(10層含以下有電梯),4,1,0.0,6,23.7039,10.757723412602989,23,0,0.7142857142857143
129678,北屯區,房地(土地+建物),其他,4,5,公寓(5樓含以下無電梯),4,0,0.0,7,30.758200000000002,12.289405751962077,32,0,0.8
129927,清水區,房地(土地+建物),其他,4,4,透天厝,4,1,0.0,9,54.513525,15.372331912126395,0,0,1.0
130270,沙鹿區,房地(土地+建物),其他,4,5,套房(1房1廳1衛),4,1,0.0,2,6.0348749999999995,12.924874168893309,9,0,1.0
132481,西屯區,房地(土地+建物)+車位,商,4,5,公寓(5樓含以下無電梯),4,0,0.0,7,39.076950000000004,16.24998880414157,28,1,0.6
132575,中區,房地(土地+建物),其他,4,5,華廈(10層含以下有電梯),4,1,0.0,6,23.17755,12.943559608327886,33,0,1.0
132676,后里區,房地(土地+建物),商,4,3,透天厝,5,0,0.0,9,56.9063,29.52221458784001,38,0,1.0
140781,霧峰區,房地(土地+建物)+車位,商,4,9,華廈(10層含以下有電梯),4,1,0.0,7,44.2981,12.415882396761939,17,1,0.6666666666666666
141046,霧峰區,房地(土地+建物),住,4,5,公寓(5樓含以下無電梯),4,0,0.0,7,34.72095,10.368379897439441,23,0,0.8
141568,大肚區,房地(土地+建物)+車位,住,4,6,華廈(10層含以下有電梯),4,0,0.0,6,24.0306,12.06794670128919,22,1,1.0
145083,西屯區,房地(土地+建物)+車位,住,4,3,透天厝,4,0,0.0,6,52.783225,12.50397261629997,29,1,1.0
150379,北區,房地(土地+建物)+車位,其他,4,14,套房(1房1廳1衛),4,1,0.0,3,26.302375,23.03974450976385,10,1,0.42857142857142855
152114,北區,房地(土地+建物),其他,4,2,透天厝,5,0,0.0,8,31.965175,20.272061704652018,46,0,1.0
152712,南屯區,房地(土地+建物)+車位,其他,4,7,華廈(10層含以下有電梯),4,0,0.0,7,38.353975,10.11629172725904,24,1,0.8571428571428571
154048,大肚區,房地(土地+建物)+車位,住,4,3,透天厝,4,0,0.0,9,38.208775,11.777399301600221,22,1,1.0
156455,沙鹿區,房地(土地+建物)+車位,住,4,8,透天厝,4,0,0.0,7,41.088575000000006,11.92545616390931,12,1,1.0
165105,龍井區,房地(土地+建物)+車位,其他,3,10,華廈(10層含以下有電梯),4,1,0.0,7,55.3817,12.278424100379727,23,1,0.4
166164,南屯區,房地(土地+建物)+車位,商,3,12,套房(1房1廳1衛),4,1,0.0,3,10.929325,25.802142401291935,21,1,1.0
174152,霧峰區,房地(土地+建物)+車位,住,3,4,透天厝,4,1,0.0,9,63.413075,12.773390976545452,25,1,1.0
175531,西屯區,房地(土地+建物),商,3,2,透天厝,5,0,0.0,9,25.8214,42.6003237624606,42,0,1.0
176479,中區,房地(土地+建物),住,3,2,透天厝,5,0,0.0,7,11.240899999999998,12.671583236217742,52,0,1.0
176611,東區,房地(土地+建物)+車位,住,3,3,透天厝,4,1,0.0,9,54.035574999999994,19.76475682918152,26,1,1.0
178628,沙鹿區,房地(土地+建物),其他,3,2,透天厝,5,0,0.0,9,28.253500000000003,14.15753800414108,35,0,1.0
183786,潭子區,房地(土地+建物),其他,3,5,公寓(5樓含以下無電梯),4,0,0.0,6,24.87155,15.218191065695544,30,0,0.4
186063,霧峰區,房地(土地+建物),其他,3,2,透天厝,5,0,0.0,8,26.976950000000002,15.568846737677905,37,0,1.0
189095,龍井區,房地(土地+建物),其他,3,5,套房(1房1廳1衛),4,0,0.0,2,7.99205,11.38631515068099,26,0,0.8
190455,大雅區,房地(土地+建物),其他,3,10,華廈(10層含以下有電梯),4,1,0.0,7,66.39874999999999,12.69602213897099,19,0,0.9
202883,西屯區,房地(土地+建物),其他,2,2,透天厝,5,0,0.0,5,42.31975,31.89999940925927,31,0,1.0
203201,西區,房地(土地+建物)+車位,商,2,7,套房(1房1廳1衛),4,0,0.0,3,15.25205,12.785166584164095,20,1,1.0
204624,中區,房地(土地+建物),其他,2,16,住宅大樓(11層含以上有電梯),4,1,0.0,3,12.7897,12.27550294377507,21,0,0.625
205361,東區,房地(土地+建物),其他,2,5,公寓(5樓含以下無電梯),4,0,0.0,7,26.0997,12.64382349222405,31,0,1.0
210527,北屯區,房地(土地+建物)+車位,商,2,15,公寓(5樓含以下無電梯),4,1,115.0,7,55.021724999999996,16.248127444204993,0,1,0.4
214580,中區,房地(土地+建物),其他,3,12,套房(1房1廳1衛),4,1,0.0,2,9.98855,10.211692387784012,33,0,0.5
215158,神岡區,房地(土地+建物),商,3,6,住宅大樓(11層含以上有電梯),4,1,0.0,5,25.29505,13.046030745145789,22,0,0.8333333333333334
216412,神岡區,房地(土地+建物),其他,2,7,華廈(10層含以下有電梯),4,1,0.0,7,52.880024999999996,10.968224769182694,15,0,0.8571428571428571
217546,大里區,房地(土地+建物)+車位,商,2,15,住宅大樓(11層含以上有電梯),4,1,0.0,6,30.053375,12.311429248794854,22,1,0.06666666666666667
221607,大雅區,房地(土地+建物)+車位,住,2,6,套房(1房1廳1衛),4,1,0.0,3,24.118325000000002,10.987496022215472,20,1,1.0
224523,大里區,房地(土地+建物),其他,2,2,公寓(5樓含以下無電梯),5,0,0.0,3,33.483725,16.425890488588113,38,0,0.5
226500,南區,房地(土地+建物),商,2,4,透天厝,4,0,0.0,9,71.62595,17.451775508736706,27,0,1.0
229562,大肚區,房地(土地+建物)+車位,住,9,5,公寓(5樓含以下無電梯),4,0,0.0,8,42.576875,10.099379064339503,24,1,0.8
241223,外埔區,房地(土地+建物),住,9,8,華廈(10層含以下有電梯),4,1,0.0,7,36.587375,10.249437135077331,27,0,0.375
242182,東區,房地(土地+建物),其他,2,13,住宅大樓(11層含以上有電梯),4,1,0.0,6,31.862325,14.594038570631616,20,0,0.46153846153846156
243272,東區,房地(土地+建物),商,2,1,透天厝,5,0,0.0,4,11.050325,44.34258720897349,63,0,1.0
243685,豐原區,房地(土地+建物),其他,2,10,套房(1房1廳1衛),4,1,0.0,3,9.743525,15.702735919495254,19,0,0.8
249039,豐原區,房地(土地+建物),其他,2,11,住宅大樓(11層含以上有電梯),4,1,0.0,6,46.981275,14.048150034242367,7,0,0.5454545454545454
252218,豐原區,房地(土地+建物),其他,2,9,華廈(10層含以下有電梯),4,1,0.0,6,34.55155,12.300461194939157,20,0,1.0
254048,東勢區,房地(土地+建物)+車位,住,2,8,華廈(10層含以下有電梯),4,1,0.0,5,22.242825,10.34041314446344,19,1,0.5
259711,烏日區,房地(土地+建物)+車位,住,2,3,透天厝,4,1,0.0,9,62.678,26.61220843039025,10,1,1.0
259894,東區,房地(土地+建物)+車位,其他,2,5,公寓(5樓含以下無電梯),4,1,0.0,7,40.26275,11.673320873512118,21,1,1.0
263254,神岡區,房地(土地+建物),商,2,2,透天厝,5,0,0.0,8,38.77445,30.952341039008935,50,0,1.0
264295,大甲區,房地(土地+建物),住,2,12,套房(1房1廳1衛),4,0,0.0,2,9.48035,10.54813377143249,19,0,0.3333333333333333
267446,后里區,房地(土地+建物)+車位,住,2,4,透天厝,4,1,0.0,8,59.274874999999994,13.108420726319542,12,1,1.0
273482,中區,房地(土地+建物)+車位,住,1,7,套房(1房1廳1衛),4,1,0.0,3,15.324649999999998,12.920360334493774,28,1,1.0
277643,潭子區,房地(土地+建物),其他,1,14,住宅大樓(11層含以上有電梯),4,1,0.0,7,35.271499999999996,14.742780998823415,12,0,0.07142857142857142
284067,后里區,房地(土地+建物),商,2,7,華廈(10層含以下有電梯),4,0,0.0,7,39.076950000000004,10.543299822529649,16,0,0.42857142857142855
285012,大雅區,房地(土地+建物)+車位,其他,1,12,住宅大樓(11層含以上有電梯),4,0,0.0,7,33.82555,13.894822109322687,18,1,0.5833333333333334
287778,龍井區,房地(土地+建物),其他,1,4,透天厝,4,0,0.0,9,49.4285,10.520246416541065,19,0,1.0
288792,潭子區,房地(土地+建物)+車位,其他,1,25,住宅大樓(11層含以上有電梯),4,1,0.0,7,46.920775000000006,10.549697868374935,19,1,0.56
291092,大甲區,房地(土地+建物),商,1,4,透天厝,5,0,0.0,7,28.0841,11.750421056754535,62,0,1.0
294327,沙鹿區,房地(土地+建物),商,1,10,套房(1房1廳1衛),4,1,0.0,3,15.10685,10.59122186292973,14,0,0.7
299332,大肚區,房地(土地+建物),其他,1,3,透天厝,4,0,0.0,9,44.379775,13.51967196769249,22,0,1.0
302465,大雅區,房地(土地+建物),其他,1,2,透天厝,5,0,0.0,7,26.983,10.56220583330245,35,0,1.0
302918,大肚區,房地(土地+建物),其他,1,3,公寓(5樓含以下無電梯),4,0,0.0,7,25.292025,10.675301799677962,33,0,1.0
303252,太平區,房地(土地+建物),其他,1,10,套房(1房1廳1衛),4,1,0.0,3,5.212075,12.471040804286202,14,0,1.0
305272,新社區,房地(土地+建物),其他,1,3,透天厝,4,0,0.0,6,43.9835,10.685825366330556,20,0,1.0
306604,南區,房地(土地+建物)+車位,其他,1,9,華廈(10層含以下有電梯),4,1,0.0,7,37.234725,14.234024824944996,15,1,0.8888888888888888
324677,清水區,房地(土地+建物)+車位,商,9,15,住宅大樓(11層含以上有電梯),4,1,0.0,4,33.61985,13.979836316937762,1,1,0.2
324710,烏日區,房地(土地+建物)+車位,住,9,14,住宅大樓(11層含以上有電梯),4,1,0.0,5,39.491375000000005,19.244708496475493,5,1,0.21428571428571427
324713,烏日區,房地(土地+建物)+車位,商,9,15,住宅大樓(11層含以上有電梯),4,1,0.0,7,45.550450000000005,24.280770003369888,0,1,0.3333333333333333
324997,中區,房地(土地+建物)+車位,商,9,12,住宅大樓(11層含以上有電梯),4,1,0.0,5,44.515899999999995,23.13780020172568,6,1,0.9166666666666666
325045,烏日區,房地(土地+建物)+車位,住,9,7,華廈(10層含以下有電梯),4,1,0.0,7,40.94035,17.781968156110047,27,1,0.7142857142857143
325071,大里區,房地(土地+建物),住,9,13,住宅大樓(11層含以上有電梯),4,1,0.0,7,27.95705,23.249949476071333,29,0,0.9230769230769231
325113,清水區,房地(土地+建物),商,9,15,住宅大樓(11層含以上有電梯),4,1,0.0,4,25.60965,17.96197917581849,0,0,0.26666666666666666
325140,太平區,房地(土地+建物)+車位,商,9,15,住宅大樓(11層含以上有電梯),4,1,0.0,8,65.01935,24.915659722836356,4,1,0.4
325673,太平區,房地(土地+建物),商,9,14,住宅大樓(11層含以上有電梯),4,1,0.0,5,31.6899,23.03573062710832,7,0,0.7142857142857143
326328,烏日區,房地(土地+建物),商,6,14,住宅大樓(11層含以上有電梯),4,1,0.0,3,17.87775,26.177790829382893,-3,0,0.14285714285714285
326777,大里區,房地(土地+建物),商,9,10,華廈(10層含以下有電梯),4,1,0.0,6,25.22245,23.43150645555844,16,0,0.5
327578,大里區,房地(土地+建物)+車位,商,9,10,華廈(10層含以下有電梯),4,1,0.0,6,35.256375,20.989111898202808,16,1,0.9
327676,霧峰區,房地(土地+建物)+車位,商,9,13,住宅大樓(11層含以上有電梯),4,1,0.0,7,44.26785,20.330781820214895,17,1,0.38461538461538464
327975,豐原區,房地(土地+建物)+車位,住,9,3,透天厝,4,0,0.0,9,53.079674999999995,24.265408557983825,34,1,1.0
328009,大里區,房地(土地+建物),商,9,14,住宅大樓(11層含以上有電梯),4,1,0.0,5,28.120399999999997,24.89296027083541,11,0,0.5
329081,大里區,房地(土地+建物)+車位,住,9,8,公寓(5樓含以下無電梯),4,0,0.0,7,38.305575,17.751985187534714,26,1,0.875
329167,霧峰區,房地(土地+建物),商,9,10,華廈(10層含以下有電梯),4,1,0.0,8,44.12265,15.003631921473438,6,0,0.3
329196,大甲區,房地(土地+建物)+車位,住,9,12,住宅大樓(11層含以上有電梯),4,1,0.0,7,33.3839,13.18000593100267,26,1,0.6666666666666666
330532,梧棲區,房地(土地+建物)+車位,住,9,5,公寓(5樓含以下無電梯),4,1,0.0,7,51.7759,13.036953486081362,24,1,0.6
330760,南屯區,房地(土地+建物)+車位,商,7,24,公寓(5樓含以下無電梯),4,1,165.0,5,31.184725,33.830665494084045,-2,1,0.7916666666666666
331527,霧峰區,房地(土地+建物),住,9,12,住宅大樓(11層含以上有電梯),4,1,0.0,8,43.39362499999999,10.831084059006365,26,0,0.5833333333333334
331620,清水區,房地(土地+建物),商,9,3,透天厝,4,0,0.0,9,56.110725,13.901085754996036,30,0,1.0
331694,新社區,房地(土地+建物)+車位,住,9,5,華廈(10層含以下有電梯),4,0,0.0,7,36.69325,23.16502353975186,1,1,0.6
332482,霧峰區,房地(土地+建物),商,9,12,住宅大樓(11層含以上有電梯),4,1,0.0,4,28.0236,12.8463152485762,27,0,0.6666666666666666
332530,東勢區,房地(土地+建物)+車位,商,10,10,華廈(10層含以下有電梯),4,1,0.0,7,49.253049999999995,18.272980048951286,4,1,0.3
333482,烏日區,房地(土地+建物),住,9,14,住宅大樓(11層含以上有電梯),4,1,0.0,5,30.304450000000003,21.11901057435459,6,0,0.14285714285714285
333807,霧峰區,房地(土地+建物),商,9,5,公寓(5樓含以下無電梯),4,0,0.0,6,20.5216,18.61453297988461,38,0,0.4
334977,大雅區,房地(土地+建物)+車位,住,10,7,公寓(5樓含以下無電梯),4,1,0.0,7,33.725725,16.75279034031144,27,1,0.5714285714285714
337182,太平區,建物,住,9,4,透天厝,4,0,0.0,7,48.53915,20.601926486145718,34,0,1.0
337420,北區,房地(土地+建物)+車位,商,9,3,透天厝,4,0,0.0,9,74.64489999999999,27.447287088602174,50,1,1.0
338409,中區,房地(土地+建物)+車位,商,10,7,華廈(10層含以下有電梯),4,1,0.0,3,15.324649999999998,14.355955927215305,37,1,1.0
352926,潭子區,房地(土地+建物)+車位,其他,1,8,華廈(10層含以下有電梯),4,1,0.0,7,40.229475,10.191532452262924,20,1,0.625
358731,太平區,房地(土地+建物),其他,1,3,公寓(5樓含以下無電梯),4,0,0.0,7,23.673650000000002,10.982674830454956,34,0,0.3333333333333333
359430,大甲區,房地(土地+建物),其他,1,1,透天厝,5,0,0.0,6,34.7633,20.136178095865468,29,0,1.0
361312,北屯區,房地(土地+建物)+車位,其他,1,2,透天厝,4,0,0.0,8,36.98365,21.09040075817287,31,1,1.0
361719,外埔區,房地(土地+建物),其他,1,3,透天厝,4,0,0.0,9,47.795,10.77518568887959,1,0,1.0
380230,大安區,房地(土地+建物),住,8,2,透天厝,5,0,0.0,7,36.956425,16.332748635724368,31,0,1.0
391784,沙鹿區,房地(土地+建物),商,9,11,公寓(5樓含以下無電梯),4,1,0.0,6,18.3073,22.395437885433676,23,0,0.09090909090909091
393491,西屯區,建物,住,8,12,住宅大樓(11層含以上有電梯),4,1,0.0,5,35.2836,13.604054008094412,24,1,0.08333333333333333
394507,后里區,房地(土地+建物)+車位,商,8,12,住宅大樓(11層含以上有電梯),4,1,0.0,7,56.16215,20.47642406852302,3,1,0.75
395509,南區,房地(土地+建物)+車位,商,8,10,華廈(10層含以下有電梯),4,1,0.0,9,39.42785,18.895273264963727,25,1,0.5
396065,清水區,房地(土地+建物)+車位,商,8,15,公寓(5樓含以下無電梯),4,0,131.0,7,45.045275,15.51772078203541,0,2,0.5333333333333333
396151,大甲區,房地(土地+建物)+車位,住,8,3,透天厝,4,0,0.0,9,93.0611,18.804849717013877,5,1,1.0
397955,潭子區,房地(土地+建物)+車位,住,8,4,透天厝,4,1,0.0,9,67.94754999999999,19.39731454629343,29,1,1.0
401522,大里區,房地(土地+建物)+車位,商,8,15,公寓(5樓含以下無電梯),4,0,80.0,7,43.684025,21.953105282766412,6,1,0.9333333333333333
403243,西區,房地(土地+建物)+車位,商,8,9,公寓(5樓含以下無電梯),4,0,0.0,4,52.272,23.683807774716865,0,2,1.0
432285,潭子區,房地(土地+建物)+車位,商,8,6,華廈(10層含以下有電梯),4,1,0.0,7,41.448550000000004,15.682092618439002,28,1,0.8333333333333334
432997,北屯區,房地(土地+建物),其他,8,14,套房(1房1廳1衛),4,1,0.0,3,14.846699999999998,17.512309132669216,24,0,0.7142857142857143
462797,霧峰區,房地(土地+建物)+車位,住,9,12,住宅大樓(11層含以上有電梯),4,1,0.0,7,45.226774999999996,13.045369695274537,24,1,0.5
467866,外埔區,房地(土地+建物)+車位,住,9,7,華廈(10層含以下有電梯),4,1,0.0,7,45.250975,10.121328877444078,27,1,0.8571428571428571
468273,沙鹿區,房地(土地+建物)+車位,住,9,7,公寓(5樓含以下無電梯),4,0,0.0,4,32.031725,25.911810868755897,1,1,0.42857142857142855
468334,烏日區,房地(土地+建物)+車位,住,7,12,公寓(5樓含以下無電梯),4,0,125.0,5,34.55155,22.893328953404406,-2,1,0.5833333333333334
472602,外埔區,房地(土地+建物)+車位,住,9,7,公寓(5樓含以下無電梯),4,0,0.0,7,48.11565,10.391629334738282,25,1,0.42857142857142855
473069,大雅區,房地(土地+建物)+車位,住,9,3,透天厝,4,0,0.0,7,41.935575,28.138400391552995,27,1,1.0
476171,烏日區,房地(土地+建物)+車位,商,8,15,公寓(5樓含以下無電梯),4,0,125.0,8,53.7966,18.960306041645755,-1,1,0.26666666666666666
481389,東勢區,房地(土地+建物)+車位,住,9,12,住宅大樓(11層含以上有電梯),4,0,100.0,5,35.964225,16.405191547989705,0,1,0.9166666666666666
490896,后里區,房地(土地+建物)+車位,住,9,12,住宅大樓(11層含以上有電梯),4,0,60.0,7,46.4156,21.889192426684133,0,1,0.4166666666666667
491489,大甲區,房地(土地+建物),商,9,12,住宅大樓(11層含以上有電梯),4,0,0.0,4,19.278325,25.313402486989926,0,0,0.16666666666666666
491877,東勢區,房地(土地+建物),住,8,12,住宅大樓(11層含以上有電梯),4,0,0.0,5,25.2164,16.735140622769308,0,0,0.5
492302,大甲區,房地(土地+建物)+車位,商,9,12,住宅大樓(11層含以上有電梯),4,0,130.0,7,48.596625,23.4378416196598,0,1,0.8333333333333334
495835,后里區,房地(土地+建物)+車位,住,9,9,華廈(10層含以下有電梯),4,0,0.0,5,32.694199999999995,25.080901199601158,0,1,0.6666666666666666
519810,東勢區,房地(土地+建物)+車位,住,9,14,公寓(5樓含以下無電梯),4,0,110.0,7,44.706475,20.354993320318815,0,1,0.42857142857142855
