,鄉鎮市區,交易標的,都市土地使用分區,交易年,總樓層數,建物型態,主要建材,有無管理組織,車位總價元,建物移轉總面積坪,屋齡,房間數,樓層比
0,北區,房地(土地+建物),商,108,5,公寓(5樓含以下無電梯),4,0,0,26.181375,36,6,1.0
2,安平區,房地(土地+建物),住,108,2,透天厝,5,0,0,10.384825,51,4,1.0
3,安平區,房地(土地+建物)+車位,住,108,13,住宅大樓(11層含以上有電梯),4,1,0,36.92617499999999,23,7,0.23076923076923078
4,北區,房地(土地+建物),住,108,2,透天厝,5,0,0,28.395675,45,7,1.0
5,北區,房地(土地+建物),商,108,5,華廈(10層含以下有電梯),4,0,0,39.2161,33,8,0.6
6,中西區,房地(土地+建物),商,108,9,套房(1房1廳1衛),4,1,0,8.134225,25,3,0.6666666666666666
7,北區,房地(土地+建物),住,108,5,公寓(5樓含以下無電梯),4,0,0,22.760099999999998,38,6,0.6
8,安南區,房地(土地+建物),住,108,3,透天厝,4,0,0,61.764450000000004,1,10,1.0
11,東區,房地(土地+建物),住,108,5,公寓(5樓含以下無電梯),4,0,0,30.237899999999996,38,7,1.0
12,南區,房地(土地+建物),住,108,5,公寓(5樓含以下無電梯),4,0,0,39.140474999999995,37,8,1.0
14,南區,房地(土地+建物),住,108,5,透天厝,4,0,0,78.85872499999999,24,13,1.0
15,新營區,房地(土地+建物),住,108,3,透天厝,4,0,0,62.13954999999999,0,9,1.0
17,佳里區,房地(土地+建物),住,108,4,透天厝,4,0,0,62.678,30,14,1.0
18,新市區,房地(土地+建物),住,108,2,透天厝,5,0,0,33.586574999999996,32,9,1.0
19,善化區,房地(土地+建物),住,108,2,透天厝,5,0,0,33.36575,37,6,1.0
20,仁德區,房地(土地+建物)+車位,商,108,14,住宅大樓(11層含以上有電梯),4,1,0,39.76665,21,7,0.7142857142857143
21,永康區,房地(土地+建物)+車位,住,108,18,住宅大樓(11層含以上有電梯),4,0,0,56.40112499999999,19,7,0.7222222222222222
22,永康區,房地(土地+建物),商,108,17,住宅大樓(11層含以上有電梯),4,1,0,52.82255,25,8,0.7058823529411765
23,永康區,房地(土地+建物),住,108,12,住宅大樓(11層含以上有電梯),4,1,0,31.608224999999997,25,7,1.0
27,永康區,房地(土地+建物),其他,108,3,透天厝,4,0,0,66.262625,25,9,1.0
29,永康區,房地(土地+建物)+車位,住,108,6,華廈(10層含以下有電梯),4,1,0,30.72795,26,7,0.5
30,中西區,房地(土地+建物),住,108,4,公寓(5樓含以下無電梯),4,0,0,33.392975,39,7,1.0
31,永康區,房地(土地+建物),住,108,5,透天厝,4,0,0,63.9969,13,11,1.0
34,永康區,房地(土地+建物)+車位,商,108,26,住宅大樓(11層含以上有電梯),4,1,0,45.6775,23,7,0.34615384615384615
36,新市區,房地(土地+建物),住,108,7,華廈(10層含以下有電梯),4,1,0,33.211475,27,7,0.14285714285714285
37,東區,房地(土地+建物),住,108,23,住宅大樓(11層含以上有電梯),4,1,0,34.291399999999996,24,7,0.6086956521739131
38,東區,房地(土地+建物)+車位,其他,108,9,華廈(10層含以下有電梯),4,1,0,70.8334,25,10,0.1111111111111111
42,中西區,房地(土地+建物),住,108,4,透天厝,4,0,0,98.654325,27,13,1.0
43,中西區,房地(土地+建物),商,108,5,公寓(5樓含以下無電梯),4,0,0,20.802925,33,4,0.6
46,安平區,房地(土地+建物),住,108,7,華廈(10層含以下有電梯),4,1,0,23.985225,27,4,0.42857142857142855
48,中西區,房地(土地+建物),商,108,10,華廈(10層含以下有電梯),4,1,0,100.71435,37,9,0.3
51,北區,房地(土地+建物),住,108,25,住宅大樓(11層含以上有電梯),4,1,0,46.376275,24,7,0.36
53,安南區,房地(土地+建物)+車位,住,108,13,住宅大樓(11層含以上有電梯),4,1,0,49.5495,21,8,0.9230769230769231
56,東區,房地(土地+建物)+車位,商,108,14,住宅大樓(11層含以上有電梯),4,1,0,43.696124999999995,12,7,0.8571428571428571
57,南區,房地(土地+建物),住,108,7,套房(1房1廳1衛),4,0,0,8.884425,28,3,0.2857142857142857
58,東區,房地(土地+建物)+車位,住,108,16,住宅大樓(11層含以上有電梯),4,1,0,76.390325,24,8,0.9375
59,東區,房地(土地+建物),住,108,7,華廈(10層含以下有電梯),4,1,0,34.1825,25,7,0.5714285714285714
60,新營區,房地(土地+建物),住,108,7,華廈(10層含以下有電梯),4,0,0,44.4917,25,6,0.5714285714285714
61,麻豆區,房地(土地+建物),住,108,3,透天厝,4,0,0,52.0421,15,9,1.0
62,麻豆區,房地(土地+建物),住,107,8,華廈(10層含以下有電梯),4,1,0,35.356199999999994,24,5,0.625
64,佳里區,房地(土地+建物),住,108,10,華廈(10層含以下有電梯),4,0,0,43.91695,23,7,0.7
65,歸仁區,房地(土地+建物),住,108,4,透天厝,4,0,0,57.580875,4,10,1.0
66,永康區,房地(土地+建物),其他,108,19,住宅大樓(11層含以上有電梯),4,1,0,22.31845,24,5,0.631578947368421
67,楠西區,房地(土地+建物),住,108,10,套房(1房1廳1衛),4,1,0,13.760725,23,3,0.4
69,永康區,房地(土地+建物),住,108,6,華廈(10層含以下有電梯),4,1,0,31.523524999999996,26,7,0.5
75,善化區,房地(土地+建物)+車位,住,108,15,住宅大樓(11層含以上有電梯),4,1,0,45.538349999999994,5,5,0.6666666666666666
77,後壁區,房地(土地+建物),住,108,4,透天厝,4,0,0,50.8442,24,9,1.0
78,永康區,房地(土地+建物),住,108,7,套房(1房1廳1衛),4,0,0,7.910374999999999,25,2,0.8571428571428571
81,歸仁區,房地(土地+建物)+車位,住,108,12,住宅大樓(11層含以上有電梯),4,0,0,45.335675,23,6,0.8333333333333334
83,新化區,房地(土地+建物),住,108,2,透天厝,5,0,0,36.35445,32,9,1.0
86,新營區,房地(土地+建物),住,108,5,公寓(5樓含以下無電梯),4,0,0,39.83924999999999,24,7,0.6
87,新營區,房地(土地+建物),商,108,3,透天厝,4,0,0,52.87095,25,10,1.0
90,東區,房地(土地+建物),其他,108,14,套房(1房1廳1衛),4,1,0,13.4068,11,2,0.7142857142857143
91,東區,房地(土地+建物),商,108,22,套房(1房1廳1衛),4,1,0,22.7238,28,6,0.9090909090909091
100,安平區,房地(土地+建物),商,108,24,住宅大樓(11層含以上有電梯),4,1,0,31.901649999999997,22,7,0.6666666666666666
104,安平區,房地(土地+建物),住,108,13,住宅大樓(11層含以上有電梯),4,1,0,39.394574999999996,23,8,0.23076923076923078
108,東區,房地(土地+建物),住,108,4,透天厝,4,0,0,76.26025,21,12,1.0
109,東區,房地(土地+建物)+車位,住,108,7,華廈(10層含以下有電梯),4,1,0,42.062625000000004,30,7,0.7142857142857143
111,鹽水區,房地(土地+建物)+車位,其他,108,5,華廈(10層含以下有電梯),4,0,0,43.992575,24,8,0.4
113,西港區,房地(土地+建物),住,108,8,華廈(10層含以下有電梯),4,0,0,40.640874999999994,25,6,0.125
119,永康區,房地(土地+建物),住,108,5,公寓(5樓含以下無電梯),4,0,0,28.011499999999998,36,7,0.6
128,玉井區,房地(土地+建物),住,108,2,透天厝,5,0,0,29.312250000000002,41,8,1.0
129,永康區,房地(土地+建物)+車位,商,108,8,華廈(10層含以下有電梯),4,1,0,35.9975,19,7,0.625
132,將軍區,房地(土地+建物),住,108,3,透天厝,4,0,0,12.683824999999999,27,11,1.0
147,中西區,房地(土地+建物),住,108,7,華廈(10層含以下有電梯),4,1,0,26.23885,28,6,0.5714285714285714
154,安平區,房地(土地+建物)+車位,商,108,24,住宅大樓(11層含以上有電梯),4,1,0,49.504125,22,7,0.5833333333333334
159,東區,房地(土地+建物),商,108,18,住宅大樓(11層含以上有電梯),4,1,0,23.9096,23,5,0.8333333333333334
161,南區,房地(土地+建物)+車位,住,108,8,華廈(10層含以下有電梯),4,1,0,29.055124999999997,25,7,1.0
162,南區,房地(土地+建物),住,108,7,華廈(10層含以下有電梯),4,1,0,24.538800000000002,24,5,0.2857142857142857
167,新營區,房地(土地+建物)+車位,住,108,8,華廈(10層含以下有電梯),4,1,0,37.428325,25,7,0.875
168,白河區,房地(土地+建物),住,108,3,透天厝,4,0,0,45.87715,28,8,1.0
169,西港區,房地(土地+建物),住,107,4,透天厝,4,0,0,68.803625,0,10,1.0
171,仁德區,房地(土地+建物),住,108,2,透天厝,4,0,0,35.24125,30,9,1.0
174,永康區,房地(土地+建物),商,108,5,公寓(5樓含以下無電梯),4,0,0,25.3858,38,7,0.6
182,東區,房地(土地+建物),住,108,7,套房(1房1廳1衛),4,1,0,8.745275,30,3,1.0
183,下營區,房地(土地+建物),住,108,2,透天厝,5,0,0,56.207525,37,9,1.0
196,佳里區,房地(土地+建物),住,108,3,公寓(5樓含以下無電梯),4,0,0,30.1653,38,6,1.0
201,柳營區,房地(土地+建物),住,106,3,透天厝,4,0,0,52.26595,-1,10,1.0
202,南區,房地(土地+建物)+車位,住,108,14,套房(1房1廳1衛),4,1,0,21.063074999999998,22,3,0.35714285714285715
214,安平區,房地(土地+建物),商,108,13,套房(1房1廳1衛),4,1,0,10.844625,26,3,0.7692307692307693
217,東區,房地(土地+建物),其他,108,16,住宅大樓(11層含以上有電梯),4,1,0,44.730675,25,8,0.3125
225,新營區,房地(土地+建物),住,108,15,住宅大樓(11層含以上有電梯),4,1,0,26.610924999999998,24,7,0.13333333333333333
227,善化區,房地(土地+建物),住,108,12,住宅大樓(11層含以上有電梯),4,1,0,24.209075,12,5,0.16666666666666666
240,佳里區,房地(土地+建物),住,108,12,住宅大樓(11層含以上有電梯),4,1,0,41.369899999999994,25,7,0.5
249,仁德區,房地(土地+建物)+車位,住,108,10,華廈(10層含以下有電梯),4,1,0,59.692325000000004,9,8,0.2
255,新營區,房地(土地+建物),商,108,12,住宅大樓(11層含以上有電梯),4,1,0,66.71334999999999,22,7,0.6666666666666666
262,安南區,房地(土地+建物),住,108,12,住宅大樓(11層含以上有電梯),4,1,0,29.8144,21,6,0.3333333333333333
264,中西區,房地(土地+建物)+車位,其他,108,12,住宅大樓(11層含以上有電梯),4,1,0,36.408899999999996,25,7,0.75
274,中西區,房地(土地+建物)+車位,住,108,8,華廈(10層含以下有電梯),4,1,0,40.5229,23,8,0.125
288,白河區,房地(土地+建物),住,108,2,公寓(5樓含以下無電梯),4,1,0,21.141725,27,3,1.0
291,仁德區,房地(土地+建物),住,108,7,華廈(10層含以下有電梯),4,1,0,37.634025,25,7,0.42857142857142855
300,關廟區,房地(土地+建物),住,108,3,透天厝,4,0,0,53.98112499999999,32,11,1.0
303,新營區,房地(土地+建物)+車位,商,108,19,住宅大樓(11層含以上有電梯),4,1,0,50.435824999999994,22,8,0.7894736842105263
304,東區,房地(土地+建物)+車位,住,108,4,透天厝,4,1,0,93.16395,20,12,1.0
310,永康區,房地(土地+建物)+車位,住,108,4,公寓(5樓含以下無電梯),4,1,0,51.458275,32,7,0.25
325,新營區,房地(土地+建物)+車位,住,108,14,住宅大樓(11層含以上有電梯),4,1,0,24.732400000000002,25,4,0.7857142857142857
338,安平區,房地(土地+建物)+車位,住,108,8,華廈(10層含以下有電梯),4,1,0,44.84865,25,8,0.875
339,北區,房地(土地+建物)+車位,住,108,18,住宅大樓(11層含以上有電梯),4,1,0,26.3417,24,4,0.5555555555555556
363,學甲區,房地(土地+建物)+車位,住,108,7,華廈(10層含以下有電梯),4,1,0,32.68815,23,7,0.8571428571428571
372,學甲區,房地(土地+建物),住,108,3,透天厝,4,1,0,60.31547499999999,27,9,1.0
376,新營區,房地(土地+建物),住,108,6,套房(1房1廳1衛),4,1,0,8.158425,28,3,0.6666666666666666
394,北區,房地(土地+建物)+車位,住,108,6,華廈(10層含以下有電梯),4,1,0,34.1341,22,7,0.5
396,中西區,房地(土地+建物),商,108,12,住宅大樓(11層含以上有電梯),4,1,0,11.927575,30,3,0.3333333333333333
401,南區,房地(土地+建物),商,108,8,華廈(10層含以下有電梯),4,1,0,37.748975,28,7,0.875
405,東山區,房地(土地+建物),住,108,3,透天厝,4,0,0,51.143674999999995,21,8,1.0
412,新市區,房地(土地+建物)+車位,住,108,6,華廈(10層含以下有電梯),4,1,0,47.81315,23,8,1.0
424,歸仁區,房地(土地+建物)+車位,住,108,6,華廈(10層含以下有電梯),4,1,0,31.036499999999997,25,8,1.0
447,中西區,房地(土地+建物),住,108,5,套房(1房1廳1衛),4,1,0,19.3842,26,3,0.6
449,北區,房地(土地+建物),商,108,12,住宅大樓(11層含以上有電梯),4,1,0,14.56235,37,2,0.4166666666666667
458,安南區,房地(土地+建物)+車位,住,108,3,透天厝,4,0,0,66.61049999999999,22,7,1.0
464,鹽水區,房地(土地+建物),住,108,5,公寓(5樓含以下無電梯),4,1,0,36.58435,24,6,0.6
488,學甲區,房地(土地+建物)+車位,住,108,3,透天厝,4,0,0,49.87922499999999,1,11,1.0
495,鹽水區,房地(土地+建物)+車位,住,108,6,華廈(10層含以下有電梯),4,1,0,32.09525,20,4,1.0
496,新營區,房地(土地+建物),其他,108,12,住宅大樓(11層含以上有電梯),4,1,0,29.412075,25,5,1.0
500,鹽水區,房地(土地+建物),住,108,2,透天厝,5,0,0,30.979024999999996,38,5,1.0
505,東區,房地(土地+建物)+車位,其他,108,16,住宅大樓(11層含以上有電梯),4,1,0,50.986375,25,6,0.375
514,安平區,房地(土地+建物),住,108,6,套房(1房1廳1衛),4,1,0,9.937125,25,3,1.0
515,北區,房地(土地+建物)+車位,商,108,19,住宅大樓(11層含以上有電梯),4,1,0,37.8972,23,7,0.5789473684210527
519,北區,房地(土地+建物),商,108,14,套房(1房1廳1衛),4,1,0,9.295825,35,3,0.5714285714285714
526,東區,房地(土地+建物),其他,108,5,公寓(5樓含以下無電梯),4,0,0,20.99955,38,5,0.4
530,仁德區,房地(土地+建物),商,108,13,住宅大樓(11層含以上有電梯),4,1,0,33.2992,23,6,0.6153846153846154
538,仁德區,房地(土地+建物),住,108,14,住宅大樓(11層含以上有電梯),4,0,0,52.680375,9,7,0.7857142857142857
544,永康區,房地(土地+建物),商,108,15,套房(1房1廳1衛),4,1,0,23.0989,24,3,0.3333333333333333
547,歸仁區,房地(土地+建物),住,108,7,華廈(10層含以下有電梯),4,1,0,25.524949999999997,26,7,1.0
563,中西區,房地(土地+建物),商,108,3,透天厝,5,0,0,13.757699999999998,58,3,1.0
571,安南區,房地(土地+建物),其他,108,12,住宅大樓(11層含以上有電梯),4,1,0,26.72285,21,6,0.5
583,新市區,房地(土地+建物),商,108,8,套房(1房1廳1衛),4,1,0,11.7007,24,3,0.75
586,永康區,房地(土地+建物)+車位,其他,104,19,住宅大樓(11層含以上有電梯),4,1,0,39.787825,20,6,0.3157894736842105
588,仁德區,房地(土地+建物),住,108,4,套房(1房1廳1衛),4,0,0,8.482099999999999,24,3,0.75
631,仁德區,房地(土地+建物),住,108,5,公寓(5樓含以下無電梯),4,0,0,28.8827,28,7,0.4
655,安定區,房地(土地+建物),住,108,3,透天厝,4,0,0,48.732749999999996,1,9,1.0
657,六甲區,房地(土地+建物),住,108,4,透天厝,4,0,0,61.056599999999996,9,8,1.0
669,安南區,房地(土地+建物),住,108,5,公寓(5樓含以下無電梯),4,1,0,31.405549999999998,25,7,0.6
693,鹽水區,房地(土地+建物),住,108,12,住宅大樓(11層含以上有電梯),4,1,0,34.336775,23,6,0.5833333333333334
697,東區,房地(土地+建物)+車位,其他,108,14,套房(1房1廳1衛),4,1,0,20.3764,11,3,0.14285714285714285
699,新化區,房地(土地+建物),住,108,8,華廈(10層含以下有電梯),4,0,0,32.54295,26,7,0.25
729,西港區,房地(土地+建物),商,108,6,華廈(10層含以下有電梯),4,0,0,26.405225,24,6,0.8333333333333334
761,學甲區,房地(土地+建物),商,108,12,住宅大樓(11層含以上有電梯),4,1,0,38.577825,24,7,0.4166666666666667
763,新化區,房地(土地+建物)+車位,商,108,12,住宅大樓(11層含以上有電梯),4,1,0,36.460325,26,7,1.0
765,仁德區,房地(土地+建物)+車位,住,108,13,住宅大樓(11層含以上有電梯),4,1,0,35.47115,23,7,0.6923076923076923
781,永康區,房地(土地+建物)+車位,住,108,8,套房(1房1廳1衛),4,1,0,15.076600000000001,22,3,0.875
837,善化區,房地(土地+建物),住,108,8,華廈(10層含以下有電梯),4,1,0,35.752475,25,7,0.375
884,安平區,房地(土地+建物),住,108,5,公寓(5樓含以下無電梯),4,1,0,36.590399999999995,28,7,1.0
891,東區,房地(土地+建物)+車位,住,108,5,公寓(5樓含以下無電梯),4,0,0,21.7921,27,5,1.0
921,佳里區,房地(土地+建物)+車位,住,108,12,住宅大樓(11層含以上有電梯),4,1,0,43.865525,23,7,0.5
951,北區,房地(土地+建物),住,108,7,華廈(10層含以下有電梯),4,0,0,25.9303,38,4,1.0
956,安平區,房地(土地+建物),其他,108,6,套房(1房1廳1衛),4,1,0,11.31955,25,3,0.6666666666666666
972,仁德區,房地(土地+建物)+車位,住,108,5,透天厝,4,1,0,64.393175,20,11,1.0
976,永康區,房地(土地+建物),商,108,2,透天厝,5,0,0,41.4667,32,7,1.0
988,佳里區,房地(土地+建物)+車位,住,108,7,華廈(10層含以下有電梯),4,1,0,40.749775,25,7,0.5714285714285714
997,新營區,房地(土地+建物),商,108,5,華廈(10層含以下有電梯),4,0,0,10.841600000000001,27,2,0.8
999,安南區,房地(土地+建物)+車位,其他,108,9,華廈(10層含以下有電梯),4,1,0,40.861700000000006,23,7,0.7777777777777778
1026,永康區,房地(土地+建物),商,108,10,華廈(10層含以下有電梯),4,1,0,24.898775,24,6,0.9
1037,新化區,房地(土地+建物)+車位,住,108,7,華廈(10層含以下有電梯),4,1,0,49.93065,26,7,1.0
1046,南區,房地(土地+建物),商,108,2,透天厝,5,0,0,31.339,39,9,1.0
1060,中西區,房地(土地+建物),其他,108,12,套房(1房1廳1衛),4,1,0,9.716299999999999,25,2,0.5
1074,東區,房地(土地+建物),其他,108,7,華廈(10層含以下有電梯),4,1,0,33.98285,36,4,0.5714285714285714
1085,山上區,房地(土地+建物),住,108,3,透天厝,4,0,0,62.638675,7,11,1.0
1093,新市區,房地(土地+建物),住,108,9,套房(1房1廳1衛),4,1,0,8.575875,23,2,0.8888888888888888
1127,安平區,房地(土地+建物),其他,108,6,華廈(10層含以下有電梯),4,1,0,35.395525,25,7,0.8333333333333334
1166,楠西區,房地(土地+建物),住,108,10,華廈(10層含以下有電梯),4,1,0,15.146175,23,2,1.0
1211,善化區,房地(土地+建物)+車位,商,108,13,住宅大樓(11層含以上有電梯),4,1,0,36.962475,10,5,0.6153846153846154
1213,東區,房地(土地+建物),商,108,9,華廈(10層含以下有電梯),4,1,0,22.000825,27,5,0.4444444444444444
1215,東區,房地(土地+建物)+車位,商,108,14,套房(1房1廳1衛),4,1,0,20.7757,11,3,0.21428571428571427
1227,北區,房地(土地+建物),商,108,2,透天厝,5,0,0,26.63815,49,7,1.0
1240,安南區,房地(土地+建物),住,108,10,華廈(10層含以下有電梯),4,1,0,36.968525,25,7,0.5
1313,北區,房地(土地+建物)+車位,住,108,5,公寓(5樓含以下無電梯),4,1,0,57.71095,26,6,0.8
1348,新化區,房地(土地+建物)+車位,住,108,12,住宅大樓(11層含以上有電梯),4,1,0,62.378525,26,11,0.5833333333333334
1351,歸仁區,房地(土地+建物),住,108,14,住宅大樓(11層含以上有電梯),4,1,0,26.741,21,7,0.6428571428571429
1353,仁德區,房地(土地+建物)+車位,其他,108,14,住宅大樓(11層含以上有電梯),4,1,0,52.680375,9,7,1.0
1396,歸仁區,房地(土地+建物),住,108,5,公寓(5樓含以下無電梯),4,0,0,42.50427499999999,24,7,0.6
1442,中西區,房地(土地+建物)+車位,住,108,12,住宅大樓(11層含以上有電梯),4,1,0,38.72605,25,7,0.6666666666666666
1493,官田區,房地(土地+建物),住,108,3,透天厝,4,0,0,52.09049999999999,27,8,1.0
1501,安平區,房地(土地+建物)+車位,住,108,5,公寓(5樓含以下無電梯),4,0,0,44.204325,28,7,0.8
1533,北區,房地(土地+建物),住,108,7,套房(1房1廳1衛),4,0,0,7.656274999999999,38,2,0.7142857142857143
1538,佳里區,房地(土地+建物),商,108,12,住宅大樓(11層含以上有電梯),4,1,0,36.466375,25,7,0.5833333333333334
1550,善化區,房地(土地+建物),其他,108,8,華廈(10層含以下有電梯),4,1,0,32.5127,25,7,0.375
1561,佳里區,房地(土地+建物),其他,108,12,住宅大樓(11層含以上有電梯),4,1,0,34.548525,25,7,0.8333333333333334
1641,南區,房地(土地+建物),住,108,14,住宅大樓(11層含以上有電梯),4,1,0,42.652499999999996,22,7,0.42857142857142855
1656,安南區,房地(土地+建物)+車位,住,108,10,華廈(10層含以下有電梯),4,1,0,51.276774999999994,25,8,0.9
1667,安平區,房地(土地+建物)+車位,住,108,6,套房(1房1廳1衛),4,1,0,19.414450000000002,27,3,1.0
1682,仁德區,房地(土地+建物),商,108,4,透天厝,4,0,0,50.3844,17,10,1.0
1699,將軍區,房地(土地+建物),商,108,3,透天厝,4,0,0,60.645199999999996,5,10,1.0
1706,白河區,房地(土地+建物),住,108,2,套房(1房1廳1衛),4,1,0,16.4076,27,3,0.5
1751,中西區,房地(土地+建物),其他,108,14,住宅大樓(11層含以上有電梯),4,1,0,23.368125,21,5,0.7142857142857143
1822,東區,房地(土地+建物),商,108,5,公寓(5樓含以下無電梯),4,0,0,16.743375,39,5,0.6
1843,善化區,房地(土地+建物),商,106,4,透天厝,4,0,0,47.88575,-1,12,1.0
1853,將軍區,房地(土地+建物)+車位,住,107,4,透天厝,4,0,0,51.300975,0,9,1.0
1877,東區,房地(土地+建物)+車位,住,107,14,套房(1房1廳1衛),4,1,0,24.239324999999997,20,3,0.9285714285714286
1920,安平區,房地(土地+建物)+車位,商,108,6,華廈(10層含以下有電梯),4,1,0,35.462075,26,7,0.8333333333333334
1931,新化區,房地(土地+建物),商,108,13,住宅大樓(11層含以上有電梯),4,1,0,39.0467,23,7,0.23076923076923078
2041,東區,房地(土地+建物)+車位,商,107,10,華廈(10層含以下有電梯),4,1,0,49.6705,12,7,0.4
2123,南區,房地(土地+建物)+車位,住,108,11,住宅大樓(11層含以上有電梯),4,1,0,45.269125,23,6,0.5454545454545454
2196,麻豆區,房地(土地+建物),商,108,3,透天厝,4,0,0,38.378175,37,9,1.0
2210,新營區,房地(土地+建物),商,108,12,套房(1房1廳1衛),4,0,0,32.207175,22,2,0.6666666666666666
2247,東區,房地(土地+建物),商,108,2,透天厝,5,0,0,37.14095,45,7,1.0
2292,中西區,房地(土地+建物)+車位,商,108,12,套房(1房1廳1衛),4,1,0,16.7343,23,3,0.5
2312,大內區,房地(土地+建物),住,108,2,透天厝,5,0,0,32.007525,39,7,1.0
2330,安南區,房地(土地+建物),其他,108,3,透天厝,4,0,0,53.255125,27,8,1.0
2348,官田區,房地(土地+建物)+車位,住,108,3,透天厝,4,0,0,47.17185,25,9,1.0
2353,安平區,房地(土地+建物),其他,108,4,公寓(5樓含以下無電梯),4,0,0,28.5197,44,7,0.75
2520,新市區,房地(土地+建物)+車位,住,108,11,住宅大樓(11層含以上有電梯),4,1,0,37.730825,24,7,0.9090909090909091
2522,新營區,房地(土地+建物)+車位,商,108,9,華廈(10層含以下有電梯),4,1,0,32.1376,25,7,0.7777777777777778
2557,善化區,房地(土地+建物)+車位,住,108,7,華廈(10層含以下有電梯),4,1,0,41.1642,25,7,0.8571428571428571
2575,新化區,房地(土地+建物),住,108,13,住宅大樓(11層含以上有電梯),4,1,0,35.43485,23,7,0.6923076923076923
2585,新化區,房地(土地+建物)+車位,其他,108,9,華廈(10層含以下有電梯),4,0,0,36.421,24,7,0.7777777777777778
2627,中西區,房地(土地+建物)+車位,商,108,7,華廈(10層含以下有電梯),4,1,0,38.8047,23,8,1.0
2676,仁德區,房地(土地+建物),其他,108,11,住宅大樓(11層含以上有電梯),4,1,0,24.9502,24,8,0.9090909090909091
2710,安南區,房地(土地+建物),其他,108,12,套房(1房1廳1衛),4,1,0,18.85785,21,3,0.25
2758,善化區,房地(土地+建物),其他,108,2,透天厝,5,0,0,32.09525,33,8,1.0
2964,學甲區,房地(土地+建物),商,108,5,套房(1房1廳1衛),4,0,0,13.724424999999998,28,2,0.8
3032,北區,房地(土地+建物)+車位,住,108,4,透天厝,4,1,0,102.17542499999999,23,14,1.0
3059,新市區,房地(土地+建物),商,108,8,華廈(10層含以下有電梯),4,1,0,14.06625,24,7,1.0
3083,中西區,房地(土地+建物),其他,108,1,透天厝,5,0,0,14.15095,108,4,1.0
3159,學甲區,房地(土地+建物),住,108,6,套房(1房1廳1衛),4,1,0,22.39105,24,3,0.16666666666666666
3521,學甲區,房地(土地+建物),住,108,7,華廈(10層含以下有電梯),4,0,0,30.147149999999996,23,8,0.8571428571428571
3540,楠西區,房地(土地+建物),住,108,3,透天厝,4,0,0,41.84785,26,8,1.0
3624,西港區,房地(土地+建物),住,107,8,套房(1房1廳1衛),4,0,0,14.946525,23,3,0.375
3647,北區,房地(土地+建物),其他,107,8,華廈(10層含以下有電梯),4,1,0,74.77195,35,6,0.75
3745,學甲區,房地(土地+建物),住,107,5,公寓(5樓含以下無電梯),4,0,0,40.864725,26,4,0.2
3933,善化區,房地(土地+建物),商,107,13,住宅大樓(11層含以上有電梯),4,1,0,27.406499999999998,9,6,0.7692307692307693
3934,官田區,房地(土地+建物),住,107,4,公寓(5樓含以下無電梯),4,0,0,39.491375000000005,34,7,0.75
4161,北區,房地(土地+建物)+車位,商,107,5,套房(1房1廳1衛),4,1,0,7.208574999999999,28,2,1.0
4178,永康區,房地(土地+建物),其他,107,7,華廈(10層含以下有電梯),4,1,0,24.811049999999998,24,7,0.8571428571428571
4218,新化區,房地(土地+建物),商,107,4,透天厝,4,0,0,64.88625,0,12,1.0
4257,鹽水區,房地(土地+建物),住,107,7,華廈(10層含以下有電梯),4,0,0,32.739575,23,6,0.5714285714285714
4267,南區,房地(土地+建物)+車位,商,107,10,華廈(10層含以下有電梯),4,1,0,33.804375,22,7,0.5
4271,中西區,房地(土地+建物)+車位,商,107,13,住宅大樓(11層含以上有電梯),4,1,0,34.53945,25,7,0.6153846153846154
4311,南區,房地(土地+建物),商,107,10,套房(1房1廳1衛),4,1,0,11.44055,22,3,0.9
4314,中西區,房地(土地+建物)+車位,住,107,5,公寓(5樓含以下無電梯),4,1,0,40.4019,33,10,1.0
4363,學甲區,房地(土地+建物),住,107,12,住宅大樓(11層含以上有電梯),4,1,0,28.011499999999998,23,6,0.8333333333333334
4406,鹽水區,房地(土地+建物),其他,107,5,公寓(5樓含以下無電梯),4,0,0,31.236150000000002,25,5,0.4
4444,中西區,房地(土地+建物),住,107,14,住宅大樓(11層含以上有電梯),4,1,0,33.816475000000004,20,7,0.7142857142857143
4460,永康區,房地(土地+建物),其他,107,7,套房(1房1廳1衛),4,1,0,7.2932749999999995,24,2,0.7142857142857143
4494,永康區,房地(土地+建物)+車位,住,107,4,透天厝,4,1,0,53.418475,25,9,1.0
4653,安南區,房地(土地+建物)+車位,住,107,5,公寓(5樓含以下無電梯),4,1,150000,40.9222,24,7,0.8
4676,玉井區,房地(土地+建物),商,107,1,透天厝,5,0,0,30.912474999999997,47,6,1.0
4810,新市區,房地(土地+建物),住,107,11,住宅大樓(11層含以上有電梯),4,1,0,46.085874999999994,23,7,0.36363636363636365
4944,學甲區,房地(土地+建物)+車位,住,108,6,套房(1房1廳1衛),4,0,0,14.087425,25,3,0.3333333333333333
4946,新營區,房地(土地+建物),商,107,5,公寓(5樓含以下無電梯),4,0,0,21.1266,28,4,0.8
4960,善化區,房地(土地+建物)+車位,其他,107,8,華廈(10層含以下有電梯),4,0,0,40.356525,24,7,0.5
5069,仁德區,房地(土地+建物)+車位,商,108,9,華廈(10層含以下有電梯),4,1,0,25.5552,24,7,0.8888888888888888
5149,西港區,房地(土地+建物),住,108,5,公寓(5樓含以下無電梯),4,0,0,19.411425,25,4,0.6
5302,麻豆區,房地(土地+建物)+車位,住,107,8,華廈(10層含以下有電梯),4,1,0,32.784949999999995,24,7,0.875
5303,大內區,房地(土地+建物),商,107,2,透天厝,4,0,0,40.72859999999999,27,6,1.0
5462,安平區,房地(土地+建物),商,107,8,華廈(10層含以下有電梯),4,1,0,22.735899999999997,25,6,0.75
5530,歸仁區,房地(土地+建物)+車位,住,107,5,公寓(5樓含以下無電梯),4,0,0,48.297149999999995,25,7,0.8
5537,新營區,房地(土地+建物),其他,107,5,公寓(5樓含以下無電梯),4,1,0,9.634625,25,2,0.4
5640,佳里區,房地(土地+建物),其他,107,3,透天厝,4,0,0,52.61685,2,10,1.0
5659,新營區,房地(土地+建物),其他,107,1,透天厝,5,0,0,21.916125,46,10,1.0
5691,仁德區,房地(土地+建物),商,107,9,華廈(10層含以下有電梯),4,1,0,24.79895,23,5,1.0
5692,歸仁區,房地(土地+建物),住,107,13,套房(1房1廳1衛),4,1,0,9.0992,19,3,0.9230769230769231
5746,西港區,房地(土地+建物)+車位,住,107,7,華廈(10層含以下有電梯),4,1,0,44.2981,22,7,1.0
5818,安平區,房地(土地+建物),商,107,4,透天厝,4,0,0,53.43359999999999,24,8,1.0
5841,安南區,房地(土地+建物)+車位,其他,107,12,住宅大樓(11層含以上有電梯),4,1,0,35.87045,20,7,0.5
6050,歸仁區,房地(土地+建物)+車位,住,107,3,透天厝,4,0,0,60.630075,7,10,1.0
6077,南區,房地(土地+建物),其他,107,1,透天厝,5,0,0,30.240924999999997,46,13,1.0
6093,永康區,房地(土地+建物)+車位,其他,107,7,華廈(10層含以下有電梯),4,0,0,37.531175,24,7,0.2857142857142857
6294,中西區,房地(土地+建物)+車位,其他,107,12,套房(1房1廳1衛),4,1,0,13.388649999999998,24,3,0.75
6298,新市區,房地(土地+建物),商,107,2,透天厝,5,0,0,22.182325,45,5,1.0
6338,北區,房地(土地+建物),其他,107,2,透天厝,5,0,0,23.64945,49,4,1.0
6466,中西區,房地(土地+建物)+車位,其他,107,7,華廈(10層含以下有電梯),4,1,0,38.44775,27,5,0.5714285714285714
6531,仁德區,房地(土地+建物)+車位,住,107,5,公寓(5樓含以下無電梯),4,1,0,31.602175,24,7,0.4
6570,佳里區,房地(土地+建物),商,107,3,透天厝,4,0,0,89.92115,41,10,1.0
6571,佳里區,房地(土地+建物)+車位,商,107,12,住宅大樓(11層含以上有電梯),4,1,0,37.833675,24,7,0.3333333333333333
6815,永康區,房地(土地+建物),其他,107,5,公寓(5樓含以下無電梯),4,0,0,23.331825,24,6,0.2
7348,南區,房地(土地+建物)+車位,住,107,2,透天厝,4,0,0,34.9932,27,10,1.0
7458,柳營區,房地(土地+建物),住,107,7,華廈(10層含以下有電梯),4,0,0,61.229025,22,7,0.14285714285714285
7491,南區,房地(土地+建物),商,107,5,公寓(5樓含以下無電梯),4,1,0,18.2226,29,3,0.8
7735,安平區,房地(土地+建物),其他,107,4,透天厝,4,0,0,60.8146,20,7,1.0
7764,中西區,房地(土地+建物),其他,107,4,公寓(5樓含以下無電梯),4,0,0,29.9959,38,6,0.75
7965,學甲區,房地(土地+建物),商,107,4,透天厝,4,0,0,51.942275,24,10,1.0
8068,安南區,房地(土地+建物),其他,107,9,華廈(10層含以下有電梯),4,0,0,38.299524999999996,22,7,0.5555555555555556
8487,仁德區,房地(土地+建物),其他,106,4,透天厝,4,0,0,72.12204999999999,9,9,1.0
8691,南區,房地(土地+建物),其他,107,5,公寓(5樓含以下無電梯),4,0,0,24.414775,30,5,0.8
8865,新營區,房地(土地+建物)+車位,住,107,5,公寓(5樓含以下無電梯),4,1,0,36.77795,26,7,1.0
8960,東山區,房地(土地+建物),商,107,2,透天厝,4,0,0,27.612199999999998,39,5,1.0
9010,安平區,房地(土地+建物)+車位,住,107,4,透天厝,4,0,0,80.08687499999999,28,13,1.0
9292,麻豆區,房地(土地+建物),住,107,4,公寓(5樓含以下無電梯),4,0,0,31.21195,22,14,0.25
9334,鹽水區,房地(土地+建物),住,107,5,套房(1房1廳1衛),4,0,0,8.527475,23,3,1.0
9715,安南區,房地(土地+建物),商,107,4,透天厝,4,0,0,54.217074999999994,3,10,1.0
9753,善化區,房地(土地+建物),住,107,3,公寓(5樓含以下無電梯),4,0,0,49.392199999999995,25,9,1.0
9779,西港區,房地(土地+建物),商,107,2,透天厝,5,0,0,28.9432,45,6,1.0
9850,安定區,房地(土地+建物),商,107,4,透天厝,4,0,0,75.141,5,11,1.0
9991,佳里區,房地(土地+建物)+車位,住,106,4,透天厝,4,0,0,56.019974999999995,0,10,1.0
10446,歸仁區,房地(土地+建物),商,106,3,透天厝,4,0,0,76.85315,25,11,1.0
10548,東區,房地(土地+建物),其他,106,2,透天厝,5,0,0,42.23505,46,11,1.0
10843,白河區,房地(土地+建物),商,106,3,透天厝,4,0,0,102.356925,29,9,1.0
11565,麻豆區,房地(土地+建物),其他,107,4,公寓(5樓含以下無電梯),4,0,0,34.905475,37,7,1.0
12437,安平區,房地(土地+建物)+車位,商,106,13,套房(1房1廳1衛),4,1,0,18.6098,22,2,0.5384615384615384
12663,歸仁區,房地(土地+建物)+車位,其他,106,8,華廈(10層含以下有電梯),4,1,0,36.877775,23,7,0.25
12998,麻豆區,房地(土地+建物),住,106,12,住宅大樓(11層含以上有電梯),4,0,0,35.522575,20,5,0.4166666666666667
13257,南區,房地(土地+建物)+車位,住,106,5,公寓(5樓含以下無電梯),4,1,0,40.907075,29,7,0.4
13297,楠西區,房地(土地+建物)+車位,住,106,10,華廈(10層含以下有電梯),4,1,0,29.926325000000002,21,6,0.7
13364,北區,房地(土地+建物)+車位,其他,106,9,華廈(10層含以下有電梯),4,1,0,55.523875000000004,25,8,0.3333333333333333
14355,佳里區,房地(土地+建物),商,106,4,公寓(5樓含以下無電梯),4,0,0,35.9249,35,8,0.5
14558,西港區,房地(土地+建物)+車位,住,106,2,透天厝,5,0,0,33.380874999999996,30,7,1.0
14658,歸仁區,房地(土地+建物),其他,106,8,華廈(10層含以下有電梯),4,1,0,36.935249999999996,23,7,0.625
14996,麻豆區,房地(土地+建物)+車位,住,106,11,住宅大樓(11層含以上有電梯),4,0,0,34.276275,19,7,0.36363636363636365
15635,關廟區,房地(土地+建物),商,105,1,透天厝,5,0,0,12.75945,48,8,1.0
15750,善化區,房地(土地+建物),住,106,7,套房(1房1廳1衛),4,1,0,17.880775,1,5,0.2857142857142857
16253,北區,房地(土地+建物)+車位,商,106,5,公寓(5樓含以下無電梯),4,0,0,72.9751,28,9,0.4
16877,六甲區,房地(土地+建物),商,106,4,透天厝,4,0,0,61.416575,40,10,1.0
17245,後壁區,房地(土地+建物),商,110,2,透天厝,5,0,0,29.9959,42,6,1.0
18016,下營區,房地(土地+建物),商,110,3,透天厝,4,0,0,61.123149999999995,27,10,1.0
18147,新化區,房地(土地+建物),住,110,7,公寓(5樓含以下無電梯),4,0,0,38.547575,28,7,0.7142857142857143
18528,東區,房地(土地+建物)+車位,商,110,5,公寓(5樓含以下無電梯),4,0,1000000,41.209574999999994,33,7,0.6
18657,南區,房地(土地+建物),其他,105,7,華廈(10層含以下有電梯),4,1,0,27.663625,35,4,0.8571428571428571
18921,北區,房地(土地+建物),其他,105,5,公寓(5樓含以下無電梯),4,1,0,33.471625,35,7,0.8
19251,新市區,房地(土地+建物)+車位,商,105,8,華廈(10層含以下有電梯),4,1,0,28.876649999999998,21,6,0.75
19449,西港區,房地(土地+建物)+車位,商,105,6,華廈(10層含以下有電梯),4,0,0,35.020424999999996,20,7,1.0
20192,北區,房地(土地+建物)+車位,住,105,12,套房(1房1廳1衛),4,1,0,11.552475,21,2,0.8333333333333334
20743,南區,房地(土地+建物)+車位,其他,105,7,套房(1房1廳1衛),4,1,0,17.832375,23,3,0.5714285714285714
21104,善化區,房地(土地+建物)+車位,住,103,7,套房(1房1廳1衛),4,1,830000,23.888424999999998,-2,4,0.2857142857142857
23433,鹽水區,房地(土地+建物)+車位,住,105,12,住宅大樓(11層含以上有電梯),4,1,0,35.477199999999996,20,7,0.5
23580,善化區,房地(土地+建物),商,105,5,公寓(5樓含以下無電梯),4,0,0,77.279675,22,9,0.4
23694,仁德區,房地(土地+建物)+車位,住,105,10,套房(1房1廳1衛),4,1,0,21.093325,6,3,0.2
23854,柳營區,房地(土地+建物),住,105,7,套房(1房1廳1衛),4,0,0,10.968649999999998,20,2,0.8571428571428571
24753,新市區,房地(土地+建物)+車位,住,104,5,公寓(5樓含以下無電梯),4,0,0,39.799924999999995,18,7,0.6
24873,官田區,房地(土地+建物),商,104,2,透天厝,5,0,0,42.147325,28,5,1.0
25051,新化區,房地(土地+建物),住,104,12,套房(1房1廳1衛),4,1,0,16.283575,22,3,0.8333333333333334
25271,新化區,房地(土地+建物),其他,104,9,華廈(10層含以下有電梯),4,0,0,22.85085,20,4,0.7777777777777778
25497,中西區,房地(土地+建物)+車位,住,104,6,套房(1房1廳1衛),4,1,0,16.2987,25,6,0.8333333333333334
26380,安平區,房地(土地+建物)+車位,其他,104,6,華廈(10層含以下有電梯),4,1,0,30.942725,21,7,0.5
26468,白河區,房地(土地+建物),住,105,2,華廈(10層含以下有電梯),4,0,0,16.232149999999997,24,7,0.5
27099,新化區,房地(土地+建物)+車位,商,104,9,華廈(10層含以下有電梯),4,0,0,40.568275,20,7,0.8888888888888888
27409,中西區,房地(土地+建物)+車位,住,104,4,透天厝,4,0,0,55.475474999999996,22,9,1.0
27862,歸仁區,房地(土地+建物),其他,104,3,透天厝,4,0,0,83.4658,29,11,1.0
28526,新化區,房地(土地+建物),其他,104,2,透天厝,5,0,0,27.724125,39,7,1.0
29741,佳里區,房地(土地+建物),商,104,5,華廈(10層含以下有電梯),4,1,0,24.502499999999998,22,4,0.8
30089,山上區,房地(土地+建物),商,104,2,透天厝,5,0,0,23.652475,50,7,1.0
31071,北區,房地(土地+建物)+車位,商,104,6,華廈(10層含以下有電梯),4,1,0,18.8397,17,2,1.0
32728,玉井區,房地(土地+建物),其他,103,1,透天厝,5,0,0,10.236600000000001,45,7,1.0
33391,柳營區,房地(土地+建物),商,103,4,透天厝,4,0,0,66.05995,0,10,1.0
34059,楠西區,房地(土地+建物),住,103,10,住宅大樓(11層含以上有電梯),4,0,0,7.377975,18,3,0.9
34462,麻豆區,房地(土地+建物)+車位,住,103,3,透天厝,4,0,0,55.723525,24,8,1.0
38803,中西區,房地(土地+建物)+車位,商,103,5,公寓(5樓含以下無電梯),4,0,0,16.64355,23,7,1.0
39025,白河區,房地(土地+建物),其他,103,2,公寓(5樓含以下無電梯),4,1,0,10.073249999999998,22,3,0.5
39303,仁德區,房地(土地+建物),商,103,5,公寓(5樓含以下無電梯),4,0,0,22.599774999999998,22,6,0.6
41018,新市區,房地(土地+建物),住,103,11,公寓(5樓含以下無電梯),4,1,0,22.472725,19,7,0.5454545454545454
41148,白河區,房地(土地+建物),商,103,2,套房(1房1廳1衛),4,0,0,20.4369,22,3,1.0
41865,學甲區,房地(土地+建物)+車位,商,103,12,住宅大樓(11層含以上有電梯),4,1,0,38.977124999999994,19,7,0.5833333333333334
41979,北門區,房地(土地+建物),住,103,2,透天厝,5,0,0,40.2446,32,8,1.0
43329,善化區,房地(土地+建物)+車位,住,102,4,透天厝,4,0,0,54.283624999999994,0,9,1.0
45476,中西區,房地(土地+建物),其他,103,7,華廈(10層含以下有電梯),4,1,0,26.23885,23,4,0.5714285714285714
48194,永康區,房地(土地+建物)+車位,商,102,9,公寓(5樓含以下無電梯),4,1,0,33.904199999999996,20,7,0.5555555555555556
48265,楠西區,房地(土地+建物),住,102,10,公寓(5樓含以下無電梯),4,1,0,7.371925,17,3,1.0
48312,安定區,房地(土地+建物),其他,102,3,透天厝,4,0,0,38.95595,20,8,1.0
48594,新市區,房地(土地+建物),其他,102,2,透天厝,5,0,0,26.241875,28,9,1.0
49033,新市區,房地(土地+建物)+車位,其他,102,8,華廈(10層含以下有電梯),4,1,0,32.606475,16,7,0.375
49123,下營區,房地(土地+建物),其他,102,3,透天厝,4,0,0,52.513999999999996,20,10,1.0
49185,麻豆區,房地(土地+建物),其他,102,3,透天厝,4,0,0,40.368624999999994,20,7,1.0
49900,七股區,房地(土地+建物),住,102,4,透天厝,4,0,0,50.82605,19,10,1.0
50367,鹽水區,房地(土地+建物),其他,102,3,透天厝,4,0,0,75.095625,19,11,1.0
52714,善化區,房地(土地+建物)+車位,商,110,7,華廈(10層含以下有電梯),4,1,0,25.168,5,6,0.8571428571428571
52732,南區,房地(土地+建物)+車位,商,110,14,住宅大樓(11層含以上有電梯),4,1,0,47.97045,5,7,0.14285714285714285
54239,柳營區,建物,住,110,3,透天厝,4,0,0,62.965375,0,10,1.0
54462,關廟區,房地(土地+建物)+車位,住,109,4,華廈(10層含以下有電梯),4,0,0,37.531175,-1,7,0.5
55020,新化區,房地(土地+建物),商,110,7,華廈(10層含以下有電梯),4,1,0,26.196499999999997,0,5,0.2857142857142857
55581,關廟區,房地(土地+建物)+車位,住,110,2,透天厝,5,0,0,17.172925,39,10,1.0
59111,新市區,房地(土地+建物)+車位,住,102,4,透天厝,4,0,0,53.599975,1,11,1.0
59332,柳營區,房地(土地+建物),其他,102,2,透天厝,4,0,0,43.889725,21,9,1.0
59372,新營區,房地(土地+建物)+車位,住,102,4,透天厝,4,0,0,53.07362499999999,18,8,1.0
59695,左鎮區,房地(土地+建物),住,102,2,透天厝,5,0,0,19.602,29,9,1.0
59811,善化區,房地(土地+建物),商,102,8,華廈(10層含以下有電梯),4,1,0,49.65234999999999,14,9,0.125
60313,新營區,房地(土地+建物)+車位,其他,102,8,華廈(10層含以下有電梯),4,1,0,36.175975,16,7,0.5
60457,後壁區,房地(土地+建物),其他,102,3,透天厝,4,0,0,48.935425,15,11,1.0
60992,學甲區,房地(土地+建物),商,101,12,華廈(10層含以下有電梯),4,1,0,27.95705,17,7,0.5
61492,七股區,房地(土地+建物),其他,101,3,透天厝,4,0,0,63.36769999999999,14,9,1.0
63426,安平區,房地(土地+建物),商,101,6,公寓(5樓含以下無電梯),4,0,0,37.9335,16,7,0.6666666666666666
63556,善化區,房地(土地+建物)+車位,其他,101,13,住宅大樓(11層含以上有電梯),4,1,0,42.45285,17,7,0.5384615384615384
63566,安平區,房地(土地+建物)+車位,商,102,12,公寓(5樓含以下無電梯),4,0,0,52.3688,18,6,0.25
64199,麻豆區,房地(土地+建物),商,109,8,華廈(10層含以下有電梯),4,1,0,33.4807,25,7,1.0
64869,麻豆區,房地(土地+建物)+車位,商,109,8,華廈(10層含以下有電梯),4,1,0,37.1228,25,7,0.875
68070,六甲區,房地(土地+建物)+車位,住,108,5,華廈(10層含以下有電梯),4,1,0,28.909924999999998,-1,5,0.6
68135,善化區,建物,住,107,7,華廈(10層含以下有電梯),4,1,1150000,42.29555,-2,6,0.7142857142857143
72183,麻豆區,房地(土地+建物),住,108,12,套房(1房1廳1衛),4,0,0,16.552799999999998,22,3,0.5833333333333334
73320,鹽水區,房地(土地+建物)+車位,住,108,7,套房(1房1廳1衛),4,0,0,30.038249999999998,25,3,0.2857142857142857
76456,關廟區,房地(土地+建物),住,109,5,華廈(10層含以下有電梯),4,1,0,23.91565,-1,5,0.4
81864,東山區,房地(土地+建物)+車位,住,110,5,公寓(5樓含以下無電梯),4,0,0,27.052575,0,6,1.0
84704,關廟區,房地(土地+建物),其他,110,7,華廈(10層含以下有電梯),4,0,0,32.0892,0,7,0.42857142857142855
85520,東山區,房地(土地+建物)+車位,住,110,5,華廈(10層含以下有電梯),4,0,600000,21.6348,0,4,0.4
85609,佳里區,房地(土地+建物)+車位,商,110,6,華廈(10層含以下有電梯),4,0,1000000,58.458124999999995,0,8,0.3333333333333333
85906,東山區,房地(土地+建物),住,111,5,華廈(10層含以下有電梯),4,0,0,27.052575,0,6,0.4
90419,歸仁區,房地(土地+建物)+車位,商,109,15,住宅大樓(11層含以上有電梯),4,0,880000,41.89019999999999,0,7,0.4
92345,安定區,房地(土地+建物)+車位,住,110,6,華廈(10層含以下有電梯),4,0,1700000,33.102575,0,7,0.5
